0.000000000000000000e+00,2.568598944637172963e+02,1.075292533113114857e+01,5.823042282810155790e+00,5.823260310303997933e+00,1.496679802557290031e+03
1.000000000000000000e+00,3.483149033253823745e+02,1.576990377079214056e+01,2.314714680406468617e+01,2.314659430440017474e+01,1.259978741183631428e+03
1.000000000000000000e+00,4.457828116945078989e+01,9.455926831458310744e+01,3.376067208710541934e+01,3.376059576952032160e+01,1.484486298995030211e+03
2.000000000000000000e+00,3.728505551453868634e+02,1.737108948772205963e+01,5.516792022291379993e+00,5.516769249102495998e+00,1.054062504926141628e+03
4.000000000000000000e+00,1.999963798824007313e+02,3.539333114341804531e+01,3.969674958331566028e-01,3.963590847379483972e-01,1.697626981605004403e+03
1.000000000000000000e+00,7.334701411246227565e+01,1.212936194982059845e+00,3.192052408609092495e+01,3.192047057269156696e+01,1.303781195514180354e+03
1.000000000000000000e+00,1.092077259596358374e+00,6.959123096303883926e+01,2.348902585210478478e+01,2.348941018778361212e+01,1.261177177319481871e+03
1.000000000000000000e+00,9.468795918690778990e+01,2.255388126942758120e+01,1.057957901164540537e+01,1.057956975093863861e+01,1.204673865475667981e+03
1.000000000000000000e+00,4.296375717320539422e+01,2.501024064714438921e+01,2.109196446378966883e+01,2.109157547214900674e+01,1.427849587273581392e+03
1.000000000000000000e+00,6.262700608134105806e+01,1.221876357686425507e+01,4.535222385793723987e+01,4.535217454957702898e+01,1.409376998766322231e+03
1.000000000000000000e+00,8.933994697408178354e+01,1.449417731587647751e+01,1.863928296519650729e+01,1.863925670854821703e+01,1.196740089418549815e+03
1.000000000000000000e+00,6.107779291326403381e+01,6.896204907085746072e+00,3.920600020384831197e+01,3.920561376121124653e+01,1.514037627437829997e+03
1.000000000000000000e+00,1.912267257057633287e+02,8.398558885879975122e+00,2.184354791010182950e+01,2.184357102021375852e+01,1.092986413481324007e+03
1.000000000000000000e+00,4.815293354608400023e+01,1.982106427426578676e+01,2.628114083666827128e+01,2.628075338253759696e+01,1.450706448597870349e+03
1.000000000000000000e+00,2.057883944203619819e+02,2.296022760047862121e+01,7.281878900902332141e+00,7.281863092262143233e+00,1.059105988664252891e+03
1.000000000000000000e+00,3.847779536371550080e+01,2.949620245663428619e+01,1.660598063862374829e+01,1.660561608268954359e+01,1.494439564483555841e+03
1.000000000000000000e+00,8.318447324883310046e+01,8.338703590627790874e+00,2.479475566518297924e+01,2.479470684519716173e+01,1.353222038029977739e+03
1.000000000000000000e+00,6.556744278335654030e+01,9.278326874848765726e+00,4.241178613065953584e+01,4.241173598840050829e+01,1.319970641702804187e+03
1.000000000000000000e+00,4.415148801716304661e+01,2.111419779488717197e+01,2.498798530037086252e+01,2.498762074728641380e+01,1.493404919100407824e+03
1.000000000000000000e+00,6.715592368435414983e+01,1.040153561609751875e+01,4.353499387845607771e+01,4.353494485287610161e+01,1.318994233661275530e+03
1.000000000000000000e+00,8.266518335461904599e+01,5.107724054167380956e+00,2.802573420819117445e+01,2.802569755270430818e+01,1.181033216610773707e+03
1.000000000000000000e+00,8.643506403944752492e+01,9.419937356398971673e+00,2.425585352336270262e+01,2.425580582180706912e+01,1.356179248463534122e+03
1.000000000000000000e+00,1.240169519186526870e+01,5.340632323758806166e+01,6.761827710075761111e+00,6.762171536087986823e+00,1.116748099814633633e+03
1.000000000000000000e+00,1.809124447425907931e+02,4.085056019209631017e+00,3.486949484946732269e+01,3.486947504256607999e+01,1.004393530760521116e+03
2.000000000000000000e+00,4.469230424570838522e+01,2.165804680114806402e+01,2.552878134376735630e+01,2.552843726111438016e+01,1.553327918211426322e+03
1.000000000000000000e+00,8.538486823529026992e+01,6.200386425872878249e+00,2.801773707129190782e+01,2.801769034238573397e+01,1.064241358745453226e+03
1.000000000000000000e+00,1.908598050975318472e+02,3.692970522884277074e+00,2.763380064215876075e+01,2.763378010735113577e+01,1.339915800499608849e+03
1.000000000000000000e+00,4.142952678347383255e+01,2.275649532144982956e+01,2.497264688879580063e+01,2.497232179407015096e+01,1.173418520500016029e+03
1.000000000000000000e+00,1.784733445730911399e+02,8.151157384153300711e+00,4.002026116659945387e+01,4.002024084260546033e+01,8.713979740854349529e+02
1.000000000000000000e+00,7.138803118482084642e+01,7.254118007193419260e+00,4.201457315881666688e+01,4.201452712466490169e+01,8.992327715601677482e+02
1.000000000000000000e+00,3.885720067557418389e+01,2.532882142934948178e+01,2.240032078089614842e+01,2.239999536014125070e+01,1.677736039168392608e+03
1.000000000000000000e+00,5.891192242268898127e+01,5.274099682234684394e+00,4.245502543748495583e+01,4.245471718937225347e+01,1.034533800078361310e+03
1.000000000000000000e+00,9.033835314039333753e+01,8.984517926347688643e+00,2.577593629160200095e+01,2.577589118399995982e+01,8.736642721012985930e+02
1.000000000000000000e+00,3.601942423412303640e+01,2.546286557986515930e+01,2.226624376128951610e+01,2.226595153077879274e+01,1.168415451978017927e+03
1.000000000000000000e+00,5.647620632846984279e+01,5.548416102921464699e+00,4.272302585563632249e+01,4.272273310246645650e+01,1.512093852171463368e+03
1.000000000000000000e+00,9.417702628556153854e+01,1.336552368891900500e+01,2.193726224085688514e+01,2.193721807569442461e+01,9.501689014079278195e+02
1.000000000000000000e+00,1.020838237008302798e+02,2.181465372159085803e+01,1.403046482558814922e+01,1.403042062749107899e+01,8.829596251327036498e+02
1.000000000000000000e+00,1.041498379254715587e+02,2.388066794623213696e+01,1.196444972235048354e+01,1.196440643101658452e+01,9.408979367596432439e+02
1.000000000000000000e+00,1.022670698442959747e+02,1.928621540812779145e+01,1.655890226045482549e+01,1.655885894668180924e+01,8.965501989172845470e+02
1.000000000000000000e+00,9.684821501489821571e+01,1.386736057873003602e+01,2.197775623717545912e+01,2.197771381928689749e+01,9.629540358441909120e+02
1.000000000000000000e+00,8.820896179796892511e+01,5.770439979203857206e+00,3.061700945410475683e+01,3.061696699367383800e+01,8.955346755248903037e+02
1.000000000000000000e+00,8.431015266735005298e+01,8.400521824641487001e-01,3.722750161577276629e+01,3.722745911288087228e+01,2.520813460324284279e+03
1.000000000000000000e+00,1.171703582632669907e+02,2.930847168420264381e+01,7.078977749105971995e+00,7.078935251866012024e+00,5.686210691388075702e+02
1.000000000000000000e+00,1.002869539128435576e+02,1.242506733377921435e+01,2.396238209952939968e+01,2.396233963269300915e+01,8.747842406418060364e+02
1.000000000000000000e+00,1.173926336684828726e+02,2.953074708941852222e+01,6.856701516122657658e+00,6.856659846646077305e+00,5.670938050719391867e+02
1.000000000000000000e+00,1.185627513547138534e+02,3.070086477564950300e+01,5.686583026073027014e+00,5.686542159952387543e+00,5.448802687052145757e+02
1.000000000000000000e+00,1.211396313624272807e+02,3.056606424503943487e+01,5.821383556683094262e+00,5.821342688240416230e+00,3.682018543103486081e+02
1.000000000000000000e+00,1.100746270858261653e+02,1.950105996843831235e+01,1.688638783328421766e+01,1.688634696771558552e+01,5.681152511899734918e+02
1.000000000000000000e+00,1.055302552263919011e+02,1.495668810900404821e+01,2.143075969271848180e+01,2.143071882467676659e+01,4.124106736104581614e+02
1.000000000000000000e+00,1.080965817527540622e+02,1.481133518865339127e+01,2.157611261306913875e+01,2.157607174505412573e+01,4.136815719373698812e+02
1.000000000000000000e+00,9.927575828538221003e+01,5.990511721281535529e+00,3.039693608044099449e+01,3.039689551879051521e+01,1.041580504782574280e+03
1.000000000000000000e+00,9.765026170335497113e+01,4.365015139254296628e+00,3.202243266246823339e+01,3.202245406177624432e+01,1.176603830735440397e+03
1.000000000000000000e+00,1.275727275301142782e+02,3.428748096601360373e+01,2.099966054924050418e+00,2.099926001536137399e+00,8.713310488446263662e+02
1.000000000000000000e+00,1.051041883367631158e+02,1.181894177266244839e+01,2.456850524827520488e+01,2.456846522176264713e+01,9.270114473194964830e+02
1.000000000000000000e+00,9.940570947007221037e+01,6.120462905971535861e+00,3.026698411496611740e+01,3.026694513138290432e+01,1.096597832206882686e+03
1.000000000000000000e+00,9.311063763240657920e+01,1.746089316940953040e-01,3.656205595263175212e+01,3.656202728253710887e+01,1.154140726624575564e+03
1.000000000000000000e+00,1.194410186121102271e+02,2.615577204800955258e+01,1.023167497292810069e+01,1.023164848755262213e+01,1.156911083233863792e+03
1.000000000000000000e+00,1.250318399537500795e+02,3.174659338964940147e+01,4.640853631288253567e+00,4.640814057198457299e+00,1.065777731851892668e+03
1.000000000000000000e+00,1.042624346816872674e+02,8.265509673309086480e+00,2.812193734762856678e+01,2.812189733563699079e+01,9.439880106525602059e+02
1.000000000000000000e+00,1.328754302837294006e+02,3.687850527535120904e+01,4.910590130363781669e-01,4.910932005917705290e-01,1.136543959226842617e+03
1.000000000000000000e+00,1.005319071308181265e+02,1.823304600345409199e+00,3.456414166196942261e+01,3.456413514739199400e+01,1.164571007365467722e+03
1.000000000000000000e+00,9.204533471286043778e+01,6.663267817612286592e+00,4.305071334263546845e+01,4.305065569658137292e+01,1.238800121519779850e+03
1.000000000000000000e+00,1.016920209864030369e+02,2.717417836392428399e-01,3.611570374138393902e+01,3.611567016480005066e+01,1.131945804143700570e+03
1.000000000000000000e+00,1.381714877392374490e+02,3.729354115387675961e+01,3.637630114504634138e-01,3.638034640872308545e-01,1.284399037092059189e+03
1.000000000000000000e+00,1.405121791461144483e+02,3.692255667285046883e+01,7.221469575824234974e-03,7.182854925519092590e-03,1.594786601645299470e+03
1.000000000000000000e+00,9.498956277572405327e+01,8.057727080136793063e+00,4.552983783996620559e+01,4.552979973407606451e+01,1.052381349353078576e+03
1.000000000000000000e+00,9.281126508483461635e+01,1.023602477102622998e+01,4.770813553085564251e+01,4.770809658497354633e+01,1.348070894947572015e+03
1.000000000000000000e+00,9.237031529913090822e+01,1.013464193932682633e+01,4.814908531655935064e+01,4.814904660330222441e+01,1.414427657165005257e+03
1.000000000000000000e+00,1.245128460855171255e+02,2.200788884705939452e+01,1.600655453017313334e+01,1.600651593719880239e+01,1.039708867837412072e+02
1.000000000000000000e+00,1.280137868916988850e+02,2.605116227064426226e+01,1.250561372399138094e+01,1.250557512999898258e+01,2.831423189039119279e+03
1.000000000000000000e+00,8.330151719400240040e+01,1.866110742705220815e+01,5.721788270493509287e+01,5.721784482717557552e+01,2.575406698888001301e+03
1.000000000000000000e+00,8.103519365476398661e+01,2.092743096629062194e+01,5.948420554720377140e+01,5.948416836531387730e+01,2.127882980643415067e+03
1.000000000000000000e+00,8.457467914018005217e+01,1.738794548087455638e+01,5.594471938387960819e+01,5.594468288099400155e+01,2.569084045189450535e+03
1.000000000000000000e+00,8.744448289469926294e+01,1.451814172635535982e+01,5.307491496982513723e+01,5.307487912133293406e+01,1.802174766101238902e+03
1.000000000000000000e+00,8.063042557859432691e+01,2.133219904246029586e+01,5.988897164410964535e+01,5.988893644296236118e+01,3.409979924102589393e+03
1.000000000000000000e+00,8.905013933525800951e+01,1.562416044855268638e+01,5.418093305020203587e+01,5.418089784905218664e+01,3.393049719512969659e+03
1.000000000000000000e+00,7.784505272486143213e+01,2.682924705894926376e+01,6.538601903586423703e+01,6.538598445941188686e+01,3.206915546235794864e+03
1.000000000000000000e+00,8.316007469647902894e+01,2.151422508733166694e+01,6.007099645599720361e+01,6.007096248788613480e+01,3.871587559298247470e+03
1.000000000000000000e+00,7.911012732626814170e+01,2.827584694890339279e+01,6.683261831756892946e+01,6.683258434686160854e+01,1.971167658409686510e+03
1.000000000000000000e+00,9.052705083955711984e+01,1.685892343561441464e+01,5.541569480427995131e+01,5.541566083595726866e+01,2.859879392156294671e+03
1.000000000000000000e+00,8.286799049543654405e+01,2.722965764856310500e+01,6.578642901722864167e+01,6.578639504664863580e+01,1.982875138807483381e+03
1.000000000000000000e+00,9.825053137334151643e+01,1.184711677065812552e+01,5.040388813932366219e+01,5.040385417121894562e+01,3.958075211942987153e+03
1.000000000000000000e+00,1.034353403005466419e+02,9.373981134245312319e+00,4.793075250291084899e+01,4.793071853482008038e+01,4.203736071109296972e+03
0.000000000000000000e+00,3.996865537348403905e+03,4.199886478655598694e+03,4.203736419335536084e+03,4.203736083344571853e+03,1.291329207527477138e+03
1.000000000000000000e+00,9.659775705017761993e+01,1.838090452055931223e+01,5.748000850662796779e+01,5.747997453564896375e+01,1.940461455994579410e+03
0.000000000000000000e+00,1.747266110375388735e+03,1.933009094186355696e+03,1.940461698128893204e+03,1.940461463076583868e+03,1.270061355386986179e+03
1.000000000000000000e+00,8.277408673859302723e+01,3.166224221474079314e+01,7.130367881821256049e+01,7.130364485012999864e+01,4.395247101462871797e+03
1.000000000000000000e+00,9.785428492197057437e+01,1.603971141396012712e+01,5.622348063483501335e+01,5.622344666675003566e+01,4.331126619897984710e+03
1.000000000000000000e+00,9.143046372289924761e+01,2.192119999562832788e+01,6.264730183390633300e+01,6.264726786584160578e+01,5.100110925023462187e+03
1.000000000000000000e+00,8.015562237245978849e+01,3.319604134606779411e+01,7.392214259200635240e+01,7.392210921622802289e+01,3.776514611216334288e+03
1.000000000000000000e+00,9.355494992082157069e+01,1.979671379770600481e+01,6.052281504364457021e+01,6.052278166791815295e+01,5.033423153728110265e+03
0.000000000000000000e+00,4.846313433566861931e+03,5.025404468209027982e+03,5.033423372127664152e+03,5.033423159792123442e+03,1.265602739569909772e+03
1.000000000000000000e+00,1.149619064683000147e+02,2.152575367175536769e+00,3.911585791918662380e+01,3.911582512041867687e+01,4.278890932743663143e+03
0.000000000000000000e+00,4.048967238560446731e+03,4.277929902596792999e+03,4.278891455602276437e+03,4.278890955307635522e+03,1.304653835124919169e+03
1.000000000000000000e+00,4.512561406628985424e+03,4.627540077365701109e+03,4.669350843269466168e+03,4.669350810488659590e+03,7.403653409181047209e+02
1.000000000000000000e+00,9.141627364281190182e+01,2.356239709390332848e+01,6.537316243552251649e+01,6.537313019892708610e+01,5.384815207143261432e+03
0.000000000000000000e+00,5.201982848091469350e+03,5.375290248305700516e+03,5.384815394336862482e+03,5.384815211952250138e+03,1.254275036628835096e+03
1.000000000000000000e+00,1.210930610549391417e+02,6.656722935627030324e+00,3.569637447557844467e+01,3.569634278676127792e+01,4.029697922964862755e+03
0.000000000000000000e+00,3.787511907839359537e+03,4.026935233790612074e+03,4.029698550794436414e+03,4.029697952690579768e+03,1.300857498747094041e+03
1.000000000000000000e+00,1.059383035410344291e+02,1.120970636486229921e+01,5.356280377606777421e+01,5.356277208729662931e+01,6.227398296641486013e+03
0.000000000000000000e+00,6.015521829510348653e+03,6.222814414095540997e+03,6.227398575486820846e+03,6.227398305399223318e+03,1.275726414230738783e+03
1.000000000000000000e+00,4.540030222864383802e+01,7.174770767725289033e+01,1.141008050884583724e+02,1.141007733996165001e+02,3.699892249420543521e+03
0.000000000000000000e+00,3.609092416750226221e+03,3.671093166349642161e+03,3.699892310869225184e+03,3.699892250322057862e+03,1.154650411606028456e+03
1.000000000000000000e+00,5.548226233398682439e+01,6.112341495450679218e+01,1.040188444491449360e+02,1.040188132933581358e+02,2.254843148353827473e+03
0.000000000000000000e+00,2.143879138386551404e+03,2.230293782372024907e+03,2.254843222291527582e+03,2.254843149544210064e+03,1.175356664969003305e+03
1.000000000000000000e+00,2.612608081596573584e+01,8.993726385512476895e+01,1.333750254465792011e+02,1.333749948118111206e+02,2.481954220437021831e+03
2.000000000000000000e+00,9.336079276805402571e+01,2.270255190303647197e+01,6.614031298684417948e+01,6.614028286027776460e+01,6.347322602615987307e+03
1.000000000000000000e+00,8.129679193596984987e+00,1.079336654774935198e+02,1.513714265613012344e+02,1.513713964258494968e+02,1.679993932995568230e+03
1.000000000000000000e+00,8.466680179847742238e+00,1.070543318738396437e+02,1.510344255750504772e+02,1.510343831326358099e+02,1.195085441351851614e+03
1.000000000000000000e+00,9.791135010354921064e+01,1.760966195013817526e+01,6.158975515621700936e+01,6.158972552478736873e+01,7.714753925589492610e+03
1.000000000000000000e+00,1.558439941540993061e+02,3.761131074912194094e+01,6.368782456956893157e+00,6.368752825528387618e+00,8.345421576127675507e+03
1.000000000000000000e+00,8.961417701400711167e+01,2.861850639097026772e+01,7.259859959704910182e+01,7.259856996561406106e+01,6.235767283556666371e+03
1.000000000000000000e+00,1.871033383272066430e+01,1.364006846202949248e+02,1.809231104437768636e+02,1.809230808140623594e+02,2.230259754155777046e+02
1.000000000000000000e+00,1.350426498661750827e+02,1.735229907860082932e+01,2.717012674488112012e+01,2.717009711345383494e+01,9.418318304696789710e+03
0.000000000000000000e+00,9.148233090913068736e+03,9.411277385065350245e+03,9.418319388390762469e+03,9.418318372404572074e+03,1.293264827196889200e+03
1.000000000000000000e+00,1.145887961573411928e+02,5.813225574790948258e+00,5.033565091524764057e+01,5.033562176684408485e+01,8.144070455757032505e+03
0.000000000000000000e+00,7.914892982973784456e+03,8.141645165527115751e+03,8.144070771503578726e+03,8.144070466315809426e+03,1.278926705585776062e+03
1.000000000000000000e+00,1.164177476836956941e+02,3.441941431033328058e+00,4.850669891758310115e+01,4.850667024048931353e+01,7.992111518591213098e+03
0.000000000000000000e+00,7.759276139012836211e+03,7.990634742018799443e+03,7.992111858597186256e+03,7.992111530394353395e+03,1.283126941727198528e+03
2.000000000000000000e+00,1.323118358349174457e+02,1.245214672018841640e+01,3.261261076636135670e+01,3.261258208926962254e+01,9.749246908782319224e+03
1.000000000000000000e+00,1.398159923085524099e+02,2.049863581122649947e+01,2.510845429272639251e+01,2.510842561563481468e+01,9.973937144351717507e+03
0.000000000000000000e+00,9.694305239894125407e+03,9.965637690027226199e+03,9.973938413317850063e+03,9.973937230275229012e+03,1.289468491971859748e+03
1.000000000000000000e+00,1.424306621367562968e+02,2.040163507534668241e+01,2.520545502860620957e+01,2.520542635151492661e+01,1.047446956127777958e+04
0.000000000000000000e+00,1.018960831423738273e+04,1.046620890724764104e+04,1.047447082049572055e+04,1.047446964620656217e+04,1.286756821407775988e+03
1.000000000000000000e+00,1.491936612673763989e+02,2.445296399818460742e+01,2.115412610576828456e+01,2.115409742867727516e+01,1.105914471935363690e+04
0.000000000000000000e+00,1.076075746718581649e+04,1.104926353375436338e+04,1.105914650707491455e+04,1.105914486357015085e+04,1.284045151199993370e+03
1.000000000000000000e+00,1.469898727255755375e+02,2.224917545638376382e+01,2.335791418759850657e+01,2.335788597047801218e+01,1.080947637400553140e+04
0.000000000000000000e+00,1.051549670105456607e+04,1.080047670382297838e+04,1.080947784030227376e+04,1.080947648089167342e+04,1.284045151659964176e+03
1.000000000000000000e+00,1.163890284762877855e+04,1.176364354489797006e+04,1.180925063454195151e+04,1.180925060632616623e+04,1.324232264506513275e+02
1.000000000000000000e+00,1.583698409711747672e+02,3.091747382821926493e+01,1.468961581576300723e+01,1.468958759864293562e+01,1.196805066356614770e+04
0.000000000000000000e+00,1.165131104404786674e+04,1.195558367403486045e+04,1.196805437096329661e+04,1.196805109886409264e+04,1.281333481786200082e+03
1.000000000000000000e+00,9.480688089040225464e+01,3.264548625255324765e+01,7.825257589653551804e+01,7.825254767937894940e+01,4.418112444321552175e+03
0.000000000000000000e+00,4.228498857481966297e+03,4.404954249820531004e+03,4.418112574966524335e+03,4.418112447121898185e+03,1.216042509281130151e+03
1.000000000000000000e+00,5.520928608445939290e+01,7.441241800140630858e+01,1.205618402627916907e+02,1.205618120456550599e+02,5.358787361757236795e+03
1.000000000000000000e+00,1.120608131672259447e+02,1.756089091863974971e+01,6.371031318002513899e+01,6.371028496289142851e+01,5.622961150818130591e+03
0.000000000000000000e+00,5.398839649494053447e+03,5.615836794450674461e+03,5.622961347910815675e+03,5.622961156014611333e+03,1.242957697771217681e+03
1.000000000000000000e+00,1.048707931477355686e+02,2.420857832072701399e+01,7.090033319951551505e+01,7.090030498238093060e+01,5.535546153297102137e+03
0.000000000000000000e+00,5.325804709830244974e+03,5.525762721968811093e+03,5.535546312442262206e+03,5.535546157064569343e+03,1.229119990349641057e+03
1.000000000000000000e+00,1.137582541835417516e+02,1.423645205011460035e+01,6.201287216370933209e+01,6.201284394656487109e+01,4.866652160167301190e+03
0.000000000000000000e+00,4.639135773091285046e+03,4.860857579347255523e+03,4.866652368197456781e+03,4.866652165803495336e+03,1.247979577656069523e+03
1.000000000000000000e+00,1.129565365558756298e+02,1.449583706037759612e+01,6.281458934238337832e+01,6.281456157422638853e+01,4.662603033595887609e+03
0.000000000000000000e+00,4.436690083510882687e+03,4.656704698771736730e+03,4.662603236349656981e+03,4.662603039018460549e+03,1.246918475467136886e+03
1.000000000000000000e+00,1.262005831791795458e+02,3.963459702945513641e+00,5.228221154659115655e+01,5.228218421679409289e+01,4.651455045464945215e+03
0.000000000000000000e+00,4.399053977572991244e+03,4.649769661583766720e+03,4.651455338137559920e+03,4.651455054884248966e+03,1.265271561354489677e+03
1.000000000000000000e+00,1.145915017696259781e+02,1.503020849509595536e+01,6.389129252808346138e+01,6.389126562633418160e+01,4.240565050262310251e+03
0.000000000000000000e+00,4.011382166248823523e+03,4.234452966864271730e+03,4.240565246240002125e+03,4.240565055414643211e+03,1.242595731580860502e+03
1.000000000000000000e+00,1.432916950997720846e+02,1.421231745245327716e+01,3.519109919793734065e+01,3.519107229622363064e+01,6.584692353645797084e+03
0.000000000000000000e+00,6.298109039750688680e+03,6.578907426664815830e+03,6.584692999633606632e+03,6.584692384676611255e+03,1.272113815953613539e+03
1.000000000000000000e+00,1.047624261199041200e+02,2.323228629260847100e+01,7.372036817780531237e+01,7.372034127600160502e+01,3.498236270131737911e+03
0.000000000000000000e+00,3.288711561017620625e+03,3.488843355614694701e+03,3.498236417334173439e+03,3.498236273482279557e+03,1.224564578133680470e+03
1.000000000000000000e+00,1.358002702465531684e+02,5.093888845020742906e+00,4.539419262209361960e+01,4.539416613843236803e+01,4.378220739431899347e+03
1.000000000000000000e+00,9.828030236187696289e+01,3.242607903965546967e+01,8.291416050676983218e+01,8.291413402296002744e+01,3.035101161507215693e+03
0.000000000000000000e+00,2.838540719515900037e+03,3.022030729891353531e+03,3.035101277874948210e+03,3.035101163860454562e+03,1.203465324068737573e+03
1.000000000000000000e+00,1.519361361706191360e+02,2.177208738648981168e+01,2.925832669802766617e+01,2.925830021439985273e+01,7.659625523027133568e+03
1.000000000000000000e+00,1.510076186584188349e+02,2.084356987428952479e+01,3.018684380181647242e+01,3.018681772659962093e+01,7.434678651731622267e+03
1.000000000000000000e+00,1.595627319107220217e+02,2.939868312659271155e+01,2.163173054951328567e+01,2.163170447429626719e+01,7.369510037095965345e+03
1.000000000000000000e+00,1.278552670130060278e+02,2.308781771123278759e+00,5.333919504819280633e+01,5.333916937176978479e+01,2.857481356829558536e+03
1.000000000000000000e+00,1.590881738090149042e+02,2.946645764228871300e+01,2.210628825218392990e+01,2.210626257600299382e+01,7.223345142614743963e+03
1.000000000000000000e+00,1.626362230855522455e+02,3.301450691882605781e+01,1.855823897564658154e+01,1.855821329946868303e+01,8.928440631750911052e+03
1.000000000000000000e+00,1.806815440776452704e+02,5.105982791091906847e+01,5.129175936073564479e-01,5.128923073757253315e-01,8.978964064745574433e+03
1.000000000000000000e+00,5.474939480045289031e+01,7.487232136627329737e+01,1.264450668707997352e+02,1.264450415846913813e+02,1.125368701279430297e+03
2.000000000000000000e+00,1.701198342251944098e+02,4.049811805846820789e+01,1.107462744605822103e+01,1.107460215982747798e+01,1.008299181386827877e+04
1.000000000000000000e+00,3.143848414416328296e+01,9.764089940515978583e+01,1.497559775270893283e+02,1.497559522408739667e+02,3.518806210566210211e+03
0.000000000000000000e+00,3.455930867615690659e+03,3.479649850804146354e+03,3.518806246237733376e+03,3.518806210964532511e+03,1.071408686682713778e+03
1.000000000000000000e+00,1.867559406902625199e+02,5.767655714093945818e+01,5.561479019009904157e+00,5.561504305247115809e+00,6.535233397589897322e+03
1.000000000000000000e+00,1.325686947074484578e+01,1.158225140785782230e+02,1.679375922005077655e+02,1.679375669142846164e+02,5.045220841999164804e+03
1.000000000000000000e+00,3.977582901800101922e+01,8.930355453132204957e+01,1.414186326532515920e+02,1.414186073670600479e+02,2.191665081659813950e+03
1.000000000000000000e+00,2.251228930674585627e+00,1.307882798625945497e+02,1.834456906019271969e+02,1.834456653157008361e+02,6.983965909927732355e+03
1.000000000000000000e+00,4.876393724358942450e+01,7.923078107092740652e+01,1.324305244276631868e+02,1.324304991414838923e+02,1.896918887479677778e+03
2.000000000000000000e+00,1.275238240238002163e+01,1.152423359121368094e+02,1.684420792688725896e+02,1.684420539826484742e+02,5.440496262275713889e+03
1.000000000000000000e+00,5.221677725387971236e+01,7.577794106063711865e+01,1.289776844173728989e+02,1.289776591312315190e+02,1.380405007891706191e+03
1.000000000000000000e+00,5.170426122978872741e+01,7.629045708472810361e+01,1.294902004414638839e+02,1.294901751553088900e+02,1.524090289312609912e+03
1.000000000000000000e+00,7.732231062660162024e+00,1.202624872518566690e+02,1.734622302274624701e+02,1.734622053223669695e+02,6.213252031911873019e+03
1.000000000000000000e+00,5.292166776503657388e+01,7.507305054948025713e+01,1.282727935250860583e+02,1.282727686200736628e+02,1.391413148312335579e+03
1.000000000000000000e+00,3.417633092865742128e+00,1.245770852216510889e+02,1.777768278246793727e+02,1.777768032921608210e+02,6.668195731278732637e+03
1.000000000000000000e+00,3.574765017206411244e+01,9.224706814245271858e+01,1.454468107454810024e+02,1.454467862130115350e+02,1.854298406504558443e+03
1.000000000000000000e+00,4.495499379949535523e+00,1.234992189345672955e+02,1.766989611733165191e+02,1.766989370050796140e+02,5.171697896572332866e+03
2.000000000000000000e+00,6.577813945390397521e+01,6.221657886061284870e+01,1.154163210993620652e+02,1.154162969314430143e+02,5.091589616377734728e+02
1.000000000000000000e+00,3.988665932608626008e-01,1.283935849077776936e+02,1.815933271465269172e+02,1.815933029782896142e+02,5.322941223333586095e+03
1.000000000000000000e+00,2.833260284410113172e+01,9.966211547041569929e+01,1.528618573529396940e+02,1.528618335409611291e+02,2.165166952195727390e+03
1.000000000000000000e+00,4.271366104327569246e+01,8.799272599970453257e+01,1.411924678822285273e+02,1.411924440703058963e+02,1.324897145206650748e+03
1.000000000000000000e+00,8.011710210439042612e+01,5.004695232118667292e+01,1.037890268211137794e+02,1.037890030102020660e+02,2.598928226057751090e+01
0.000000000000000000e+00,1.342446764913292441e+02,5.870501332102840308e+00,2.598935652607717728e+01,2.598928345889765978e+01,1.162257915743107105e+03
1.000000000000000000e+00,8.447155614193326301e+01,4.840416676666473705e+01,1.021462412665918436e+02,1.021462174560533782e+02,1.230166256486543261e+02
0.000000000000000000e+00,4.592626597663965526e+01,1.035549589419884313e+02,1.230167023221398495e+02,1.230166269058229886e+02,1.162831818368756785e+03
1.000000000000000000e+00,4.934058672014654690e+01,8.299280357104834138e+01,1.372772103399715036e+02,1.372771868766970442e+02,4.974385257835017455e+02
1.000000000000000000e+00,9.703620288761997870e+01,3.800885565518704112e+01,9.229326242411021042e+01,9.229323895508134967e+01,1.711687948719429414e+03
1.000000000000000000e+00,9.959940809568233533e+01,3.815731848037308538e+01,9.244172524929625467e+01,9.244170178976452235e+01,3.948070342642745345e+02
1.000000000000000000e+00,1.113455546003574881e+02,2.641117197569793262e+01,8.069557874462110192e+01,8.069555528054998206e+01,2.508387493323245963e+03
1.000000000000000000e+00,1.010121865790804918e+01,1.276555079181473786e+02,1.819399146870705408e+02,1.819398912234692034e+02,4.269331377587986935e+03
1.000000000000000000e+00,1.076098552222477025e+02,3.014687135380771821e+01,8.443127812273088750e+01,8.443125214928252831e+01,1.164691578606492840e+03
1.000000000000000000e+00,1.395565963214360465e+02,1.799869745380625830e+00,5.248453668272652806e+01,5.248451355988842693e+01,4.198150609644579163e+03
2.000000000000000000e+00,3.363217890436064295e+01,1.068362154987179906e+02,1.611206219268251232e+02,1.611205988041723458e+02,1.032549398042780467e+03
1.000000000000000000e+00,1.162074701769376759e+02,2.426092422614095057e+01,7.854533032080419730e+01,7.854530701233989021e+01,1.216583444853984929e+03
1.000000000000000000e+00,1.471103232699219916e+02,6.641928866843379353e+00,4.764247722781986738e+01,4.764245443730344221e+01,2.125256046522285942e+03
1.000000000000000000e+00,1.309089165692572294e+02,1.227114546592607525e+01,6.655555156058932198e+01,6.655552870957633615e+01,1.356872870980910875e+03
2.000000000000000000e+00,9.042344905734800875e+01,5.275661297783529591e+01,1.070410187462156415e+02,1.070409962835460931e+02,4.198083464592614291e+02
1.000000000000000000e+00,1.488426494267140470e+02,5.662587391530735204e+00,4.862181837684961749e+01,4.862179591224632702e+01,2.030837151107079080e+03
1.000000000000000000e+00,1.225347560282956181e+02,2.064530600688768658e+01,7.492971145594256654e+01,7.492969585020655643e+01,1.016706704235854886e+03
1.000000000000000000e+00,1.332158317034525226e+02,1.267589777945924112e+01,6.696030322851412109e+01,6.696028108438737547e+01,2.587168054151015895e+03
