funcion,X_min,Y_min,Z_min,X_max,Y_max,Z_max,cantidad_disparos,mean,std
rast,3.030500136637464,0.027153783166021572,9.512922755248782,0.043027867677759346,-3.3253381928542147,25.9817841825737,10,4.326079879689662,5.148638718363042
rast,-1.0865203273790716,0.09674278442194328,4.422721818097408,-0.18042217302989627,-0.9299618499744184,7.6163549468440905,10,1.108698533056393,2.722581799558097
rast,0.9865510459951778,0.10887467818828789,3.2708094046210725,-0.9707236511665407,-1.0875432529366726,3.7687825212697774,10,1.3403305307638673,1.5163312035523187
rast,-0.050963230120672165,0.02669706240897085,0.651979375348823,1.9354303834190354,1.0786568436227562,6.9177281795602426,10,0.34556717481496685,0.8497616641895683
rast,-0.13021158338917938,-0.009566977772056395,3.199333886847146,0.12616416539754738,1.1585696480730157,8.90511273197977,10,1.2696788784373396,2.285843207309117
rast,0.9322292054704331,1.0489393986831352,3.331360706749088,-1.858405619371453,2.941260872135743,16.48131732470684,10,2.3362317499471215,3.0802762509828963
rast,-0.04480070104683698,0.017428518854510244,0.45578651175839013,1.045204468132063,-2.0136383659679815,5.584540604340443,10,0.16723298205416215,0.5027675653167895
rast,1.0829888231681686,2.9880665415071377,11.458446534432108,0.1398269803891985,-1.8119169008804477,13.12702159307946,10,5.331278423841786,5.349100717072575
rast,-0.019345812952144215,-0.06609711675916863,0.928576753381563,0.02633383504858955,-1.9717162148512877,4.182425051865101,10,0.6619326838822361,1.7584452682838132
rast,0.9726157431480633,2.018807619659938,5.238966210618969,1.0298863835415126,-0.27719490112819223,13.013698687815584,10,2.93411906102407,3.079833791816749
rast,2.1263266260327267,-1.0800080025258563,9.912975242024386,-0.23633490006774593,2.0484843807087287,13.855032525103539,10,3.821928010567302,4.841678622727458
rast,1.9752191250296995,-0.0325466722543597,4.231889028482421,1.960039668192156,2.040930244005427,8.649570027208132,10,1.9519514880590392,2.28139414347743
rast,0.9849171070681244,2.982502987767358,9.970627477085905,-2.934823535568441,-3.0231664531399716,18.685337754709458,10,4.63658108762843,4.0096664730041125
rast,0.9648137049637349,-0.0488099280667047,1.643234745095338,1.1578792705187588,0.9951768349988335,6.8653578079150535,10,0.9230539074047257,0.9250011759361761
rast,0.9141711484313628,2.0051311798268507,6.280662958526396,-3.04755095908053,-2.876220820634739,20.878125986943246,10,3.1961888424100433,3.682217260226892
rast,-0.05175380025356624,3.104942509956098,12.263646438600393,3.0448771729384028,-1.2496144828409186,21.20350352291446,10,5.447200637019253,5.754107795204141
rast,2.9820782875015457,1.033229831239339,10.240861723011243,-2.700509689085873,2.022152067770726,24.538255215624147,10,4.789964259278846,4.185797789869809
rast,-0.9851058335594365,0.00903368391040793,1.0303762117041089,2.1301181178931294,0.04022211343829696,8.016610414807275,10,0.33896849584767474,1.636145296036269
rast,0.03639000358653588,2.07486040882711,5.6525824887812295,2.874010529058996,-1.9369362348501369,15.759506269976013,10,3.1229274901203254,3.6719120456755103
rast,1.0472690537286202,1.9837137987136853,5.522016743692999,-3.0488328659886363,1.857429751594747,16.96347542916144,10,3.140695400160492,3.3919983638655244
rast,2.0450405194608727,1.915934337090154,9.613613224503167,2.2452835138507865,2.110540598307221,21.515940711736825,10,5.329645508797362,5.580252856552673
rast,0.9436141459668015,0.06000739061321525,2.2174591389877705,1.8648834463718345,0.0261611691128536,7.005643639406696,10,1.184245223112164,1.836133329564611
rast,2.087797188514868,1.0456325494190692,7.343841561562314,-2.988032492208042,-3.0027819204892765,17.97482245317913,10,3.508343970698869,3.3757438134307036
rast,1.8849847217198032,-2.092511192974044,12.073607187964296,-1.9407928116942372,4.141690060271053,25.31222463103506,10,4.14312763222353,6.048931771840031
rast,3.1037468884551345,1.946299069931289,16.035619918155103,-2.886171338633954,1.8942534149496524,16.49589083241537,10,6.9587841300828766,6.475428748571954
rast,1.0866031662714306,0.006502302130622084,2.63338451485453,-2.943731654878409,0.19648684930799476,16.023314621710846,10,1.232192572905498,2.088829985055834
rast,2.0883139697640374,1.0790668413151767,8.234710258584952,2.8015232234378153,-0.9773639332569637,15.723694532908501,10,3.466342852101634,4.443887224782653
rast,0.9888025730382815,0.9717944439240931,2.1034796210724167,-0.19942415497687804,0.9744888772473672,7.9930297361680385,10,1.475783907999434,2.007047494123854
rast,-0.09173514870378519,-0.8832898704755738,4.974634250400499,1.091946644413106,-2.103128005558741,9.265290645358139,10,1.4610951278190827,2.875237813241808
rast,1.0783151618917923,1.0354412991290656,3.668246762334384,-0.02945043173876627,-3.6108870291871256,30.879575134512933,10,1.8736026343006453,2.201765542546149
rast,0.018410867116342544,2.9865023101159665,9.022309305303725,2.344671481194215,-1.8674475105400106,27.86090877885811,10,4.265643236932237,4.640780596598611
rast,-0.0862531393841568,0.9846467883358283,2.456388865091455,-0.23210840862872928,1.0258168084093988,10.115653945936623,10,1.4374317641909564,1.6696429586332668
rast,0.9459086228686253,-0.09141176157616293,3.079688331919293,-1.2442354147525876,1.9977247482346314,15.177927388757897,10,1.6029544415826578,1.9093998157953576
rast,0.8900824447477973,-0.047096671362346854,3.5206805199163007,0.8900824447477973,-0.047096671362346854,3.5206805199163007,10,1.4545554311005837,1.510238576272761
rast,1.9847748678405868,-1.060678822859467,5.828113163153329,0.333949807201142,0.7946356567948882,23.00855512413164,10,2.371374355904452,3.399060030629654
rast,0.9585020181839017,2.0679632451498566,6.431185685627122,-2.9311494019754925,-1.0521101623895568,11.151029630336108,10,3.339843545776392,2.956997105040352
rast,1.0557154958780508,1.0258825646543954,2.9054290566291705,-3.1683306256745247,-0.8827204291191038,18.50270350086457,10,1.98344932849578,1.864322842993139
rast,-0.9377130455019991,0.8918622619019736,4.651626539821724,-0.018535917794221035,-0.26479534400976945,11.066484064377812,10,1.3724950759955539,3.004343065341262
rast,1.9376420990835008,-0.01941775193468054,4.586959811050701,-2.192824800017547,1.1162932420922544,15.091812889860792,10,1.8801811596915967,3.4264502824752294
rast,0.9563849444018837,0.9408338114061561,2.8560668394881468,0.12994002548502692,-0.690264294674261,17.310932128265577,10,1.861783665729509,2.6848721400095785
rast,-0.020389183802086208,1.8936711301163403,5.818253105473563,-1.9552014436679208,-3.0421024830753964,13.818605050579624,10,2.609651800716491,2.876566597874517
rast,1.0020120438198776,0.9448794376147339,2.491385386381708,-1.7265379194235386,0.4330129489578205,33.76451417870413,10,1.3954856239759663,3.584846208625691
rast,0.10817897742309412,-0.04851683640326243,2.697548120932918,-2.731604929623103,-0.029268779080034335,18.784369071921382,10,0.9411818920075382,1.8741212903002942
rast,0.01578497323860617,-0.003810246531482875,0.05227225189449314,1.07348937965628,-0.0766552740575257,3.3431342813927607,10,0.12118249239630312,0.523503237321513
rast,0.042348324813156424,-0.042815095855671004,0.7152108791905576,0.9617182215344116,-2.9688885999923116,10.217538460928886,10,0.3461944993451447,1.4472301308872837
rast,0.010048766639287554,1.074805772006423,2.259635034165939,0.8936774088913992,0.8322328168256377,8.700928529944079,10,1.365818248214769,2.248599243636999
rast,-0.9151961513772022,1.9856684312899926,6.207291409375166,-2.962415451617133,-1.8560394900175297,16.31778329977477,10,2.4470290531069128,3.1024063157794246
rast,2.976133378408859,0.9080478736967006,11.417224327159545,-3.1478672253146414,0.9388549809981015,15.533741700671584,10,5.0916648639336355,5.861435544244668
rast,0.025735378360263628,-0.016009655758576713,0.18191943893283735,2.0342485122140275,1.8801843584678295,10.606290398300402,10,0.33420035934504144,2.0198469763506557
rast,2.0124459260437213,1.1169076668479718,7.90667457304162,-0.8413908555378029,-1.1129601406932537,8.929519207497808,10,3.4946448685545994,3.6633917288317748
rast,0.9066032437351019,1.0403399166139646,3.896731984565534,0.9066032437351019,1.0403399166139646,3.896731984565534,10,1.9478917149715336,1.3791193256837468
rast,2.027895108404307,1.9083846672925553,9.519033980607976,1.3463513167076613,-1.8531278453588698,24.9018969321308,10,4.671104236699832,4.212314433035197
rast,0.9705773407966043,0.11570824317363149,3.654195587061338,0.18311377769142823,4.008839913971741,22.03978417284509,10,1.6385747084123707,1.896569921038453
rast,0.011679255128091981,-1.029285857738639,1.2552974117462412,-2.915265026213522,1.9408451075559157,14.332583987554525,10,0.470952406745216,2.170544024113321
rast,0.9731963030666435,-1.1084942372944724,4.552256377034125,-1.7240708073321258,-0.8235273169405275,20.815333424860043,10,1.6903949551919089,3.2503345607212006
rast,0.08245669481759421,0.9258304851319572,3.2426647824641357,-0.003133519395021267,-1.1352498262754231,4.68940412475064,10,1.4053184677490043,1.419988256420658
rast,0.014567884859813418,-1.0370969857873877,1.3880649789471953,-1.11524260892309,0.7096843382318063,16.762501176094737,10,0.412558088309981,2.181518885227236
rast,2.0669823860089735,0.9571758314552491,6.421054093190094,-3.124156474631519,-1.9437562860637136,17.04804695436451,10,3.2443519177285296,2.726850901529841
rast,0.0520816240477977,1.993496580361176,4.515752726817436,1.1083932817978557,-1.1808189163272047,10.642600601473156,10,2.4276844073455575,2.3120252264939913
rast,0.9987264035494001,1.085349835778719,3.579548540451711,1.1532780700174179,1.629472700428833,25.14483003856305,10,1.8288882831753377,2.976783841920357
rast,1.0575516710344033,0.0027945717347712673,1.7666726377900446,-0.16699245842711896,-2.0455199381196074,9.636005028495719,10,1.049590681052168,1.5739958765338993
rast,1.9727975799852366,-1.056277554465371,5.7720478920336085,-2.078894802640235,0.7503575840169496,16.066063462848973,10,2.3661228146554216,4.099301662576938
rast,0.020269187193621363,-1.141860624449535,5.101515155458056,-1.133948257916483,-0.05112944171731115,5.137512950399682,10,1.3231593668587887,2.720999645538393
rast,0.9403659457164277,0.07565361667365345,2.6924613033624922,-1.136988200896706,1.0593458069199002,6.583238530808501,10,1.4542307373771692,1.9954627469062582
rast,-0.05807306866792672,2.005532654074514,4.6899231839409605,-1.0335628938412285,3.023232429193179,10.536072094411136,10,3.9740616155234982,4.621684595617825
rast,0.9044204062886969,-1.0686312524354857,4.6251145561950455,0.1657358360247052,2.073203750892004,10.314342952050005,10,1.651191319139353,2.737480320581531
rast,-0.11700164267610624,1.9653207536616666,6.695282387937031,1.2007921242004969,1.9203612755769939,13.312912135211235,10,3.332953424926371,4.017478919242901
rast,-1.035326387359524,-0.06972162741739041,2.266384466601341,0.9953227171350463,1.193392480088825,8.936933942458626,10,0.6870119502433436,2.4628775324180268
rast,1.8629339837936616,1.0042261973734252,7.9673275785497975,-2.128729428855472,-1.2535805628503454,19.42446005523594,10,3.627307426948863,3.548778271874691
rast,1.9596697413633706,0.05998999943266625,4.865257885126578,-1.1912317825291723,0.9360121795296763,9.483358234872618,10,2.4581424301967227,2.6616838902089026
rast,0.06744605090506539,0.00573124779526013,0.895637732176958,0.0782499427552672,-0.20103678910377099,8.202879786249294,10,0.6530273177864009,1.8471369446378498
rast,0.9433741933955604,1.0592403639080512,3.3230013077811975,1.981363336474594,0.7242669708934635,16.12866269367633,10,2.266922933486714,3.3878729402216257
rast,0.04673496863783555,0.03354860801966808,0.6527011395006213,0.10183203098364757,-1.0521512300080325,3.6274872687024384,10,0.5222691273657015,1.3069760420675811
rast,1.0224255827905333,1.0334374339706205,2.4323386866603514,1.0115710787563117,-4.244730060067354,28.736366902747047,10,1.9357625356471089,2.628259428928134
rast,0.9744356998407735,0.0960959573692255,2.85558026192097,-1.4233163089011072,2.8226098261790327,34.44890814685097,10,1.2993839018273703,1.859129828255595
rast,0.9605381596147842,1.1308105480785944,5.698923378982219,-2.2522126376205183,-2.0517686384824696,19.945597396782652,10,2.3848043449616645,3.140809576158868
rast,0.01100839161242817,1.0502506658414816,1.621372595123539,0.09914519943036026,-0.9623946212739476,3.0922594887923687,10,0.8102905575178462,1.3561554425693931
rast,-0.9558105192879314,0.9768623155546559,2.356301791713829,1.2155594287738758,0.7219822273807281,21.603057503555217,10,1.148257230990224,3.138743409006022
rast,2.056108780858821,0.0034623180434483203,4.844980696468625,-1.752340730676604,-2.0806892147049965,18.510775969378493,10,2.108090463677866,2.5780890770903917
rast,2.009464658710762,1.019940439816489,5.174288491609099,-0.826701898081879,-0.9766900779288257,7.109499443081393,10,2.6162464300202686,2.145365667926574
ackley,-0.14624110796909007,0.1267334534334168,1.2223771629950577,0.4474911108838526,0.1267334534334168,2.550833191153449,10,0.4262752786927542,0.6243737910273379
ackley,-18.81354700660068,-12.59193256103023,5.001324757514932,-18.99880421934517,-12.758829790956877,5.039907597531761,10,-8.801469256326138,10.085583095707408
ackley,-18.8297119052736,-6.266368563047962,5.00045973692915,0.12658911414308704,12.391287906740054,5.031470100618332,10,-6.194111209114585,10.052740157680393
ackley,0.09725446431826551,-0.03815697606106255,0.6941492179954545,18.972391983819072,-12.65060377667108,5.015018162244607,10,0.6846390647936645,3.727020575777145
ackley,-0.01507965458795657,-0.3350807057193024,1.963268664147496,6.217354745976419,18.779688939925187,5.0062526661958575,10,0.7535769996339483,1.9634459121484595
ackley,-0.26783127887942193,0.0499114383673831,1.6484283205090091,-0.15231745080905412,-6.239665972217171,5.016235954873427,10,0.4995128330493206,0.8924716443863728
ackley,0.0016217841013848044,-0.15334211325293268,0.9907325136275245,-0.19590500042418313,1.116287284744864,4.677734299486472,10,0.29156848915698685,0.5526407354947696
ackley,-44.04876471935948,-69.03816500612946,5.007006105306124,12.602054984535954,0.13613934732586586,5.013407654008699,10,-22.842769851490196,30.12772171771891
ackley,-0.011795313776596927,-0.0856451944925396,0.5804973704881324,-0.45162015961126833,0.5291734054879793,3.434468851965756,10,0.3028979697439893,0.7309040253904283
ackley,-0.1993364349220802,0.005615865267456832,1.2554943281843376,1.0160397266180468,0.3195798693668692,4.517779675560583,10,0.3640217106468651,0.6729331282722621
ackley,-0.2051930345448305,0.09226502446874907,1.3966932932792528,-0.2051930345448305,1.0225891458426126,4.45718269847864,10,0.4481075527868059,0.7471362068744768
ackley,0.27215140939482085,-0.07699503994070511,1.7018710118523797,0.7948558352909174,-0.37684295569228254,4.017758645272183,10,0.5490433210963285,1.003729243878642
ackley,-0.13264049896506935,-0.0696379670832068,0.9698121230032695,0.06500381963521562,6.314636039898502,5.002879029147913,10,0.42803459844126374,0.9602675018196146
ackley,-18.915502047531497,-18.84724677868922,5.002956322104319,-18.915502047531497,-18.77606192211075,5.006615203050595,10,-10.919326323049534,11.258833396780519
ackley,12.542324000456306,-18.855851475602535,5.00041983722379,18.98109832820593,-18.87230706315083,5.0120668144161815,10,-0.293508221471151,13.566603999609201
ackley,-0.11807592112442777,0.06942437607737506,0.8932213178174142,18.916029843115417,-0.2605613822398034,5.048442046459817,10,0.4001122939547655,1.4295926366807363
ackley,0.017239271242561402,0.011135817825737665,0.14332089868352194,6.393435026534824,6.295399006513712,5.008324946647915,10,0.4679165213112537,1.293068070359207
ackley,0.030829751910309067,-0.2919900284062038,1.7566194975088743,0.45505217217649374,-0.2919900284062038,2.8614219112175543,10,0.5037863255886688,0.9054333955808759
ackley,-0.061258394956350576,-0.0046533684703751466,0.41863671138038905,0.07713035920616562,0.13373538569214105,0.9968329057153462,10,0.12405100039577487,0.226555181355908
ackley,-37.740806066595766,-31.47260734683808,5.003361800516366,-12.676107843632751,-12.775028430590432,5.0373957459059895,10,-19.295844754471975,18.190033063169984
ackley,-0.023188651322507803,-0.026841408968337532,0.24548399478167804,0.6059902889047173,-0.026841408968337532,3.1116124809655736,10,0.07388958006297203,0.20004643546700349
ackley,0.24793306324061204,0.07657677487230963,1.581024116868472,12.548539482431416,6.133820649522747,5.0153057127476535,10,0.6942607811109747,0.9704743365548082
ackley,-12.64849190374007,12.57628542928454,5.004643217814058,-12.701214410140302,12.694978388637146,5.023460572881648,10,1.6502420163803193,14.919081980020664
ackley,-0.006128064765757446,-25.104084889257976,5.000583472736626,-6.568965140719163,-18.98178206140215,5.066169363373605,10,-6.70509609227822,12.879984567067165
ackley,-0.048014404296577995,-0.02860491443857427,0.3821045952805675,-0.1942955084028668,-12.315439213627592,5.067292763355998,10,0.24851691149982813,0.7218154048061848
ackley,-0.05618022209561657,0.013439950302775117,0.3944906245497335,-0.6085525759152972,-0.5142879914462171,3.7686419834491622,10,0.14519987847438942,0.4479599828357661
ackley,0.17376107968742405,-0.00463854902851546,1.1101003955422937,19.051559486073735,12.372890360787146,5.0524829263837265,10,0.5361104291933526,1.3794268125873128
ackley,0.2067121955890734,-0.017292801037582795,1.3002006178652068,-0.6479198078162227,0.6965632806626942,4.229787030703973,10,0.7774929110119352,1.6270324823477413
ackley,-12.543941759384648,-18.840061226960195,5.000403078391921,-12.543941759384648,-18.840061226960195,5.000403078391921,10,-8.794533302650974,10.087466890660627
ackley,-0.14659575615286466,-0.1298600505964221,1.235480944131163,0.3176666794466385,-0.591144963052507,3.347314198194955,10,0.5368688291716676,1.1221320783279694
ackley,0.0008405856381201067,-0.2528365142135678,1.5459904374308153,-0.016037920090262503,1.2884626459515758,5.014986491097629,10,0.5383188956784843,1.0941155933299018
ackley,-18.830282519595677,12.612570616845202,5.001702139554094,-19.007371476022033,18.86923489962704,5.017099268244533,10,-0.3596242943192827,13.452033269690427
ackley,-0.005518510955671019,-0.07732041515027177,0.5232309846616414,0.25541457468663253,0.6058373361861698,3.2983159649309344,10,0.434590959976851,0.6533203814022327
ackley,18.917438088284946,-6.254366052552665,5.003692118706223,18.917438088284946,-6.254366052552665,5.003692118706223,10,5.888921384812834,10.29539230485661
ackley,-18.760312915618663,0.06039357350890823,5.007875192557808,-6.231243033586775,12.751741807159874,5.025002299227084,10,-4.5009208534614356,10.249054307505958
ackley,-0.04453452138881667,-0.2450225404878914,1.5258928179525468,0.25957645147457953,-0.2450225404878914,2.0666729461012925,10,0.41492555979099255,0.7928100445681072
ackley,0.07478319556658697,-0.15295834058947833,1.0895443725493705,-0.3487796380920507,0.6656270604595349,3.620099936821806,10,0.3548511369746071,0.5893645482540415
ackley,-31.39627466221659,-43.91075662504636,5.003736458888367,12.788832180048878,-6.222943238154436,5.035721581830234,10,-10.66640633778132,18.891956577591404
ackley,-0.02286733192528345,-0.05842994632174525,0.4272344667046952,0.008260879342955718,-0.4773065503171914,2.6022905283572473,10,0.31785439500906715,0.8482624496891625
ackley,0.10296452908195164,0.2768112750210938,1.7654225929869605,0.10296452908195164,1.041971888076617,4.464767032613778,10,0.729501570082845,0.7810797748442604
ackley,-0.05905936561083647,0.18388984397330155,1.2202470254075535,12.614996954121047,12.436445296428445,5.013030630189843,10,0.7444105011198896,1.370871168295414
ackley,-18.865513823920985,-37.76652350424514,5.00325812246691,-6.360454588259348,-18.827143952787132,5.004393163099652,10,-13.368636866905236,15.064936009489196
ackley,0.07164435954188986,0.010407912248569517,0.4901435686098101,-1.0079053637978959,-0.11839938335108258,4.382557688092229,10,0.590824260436402,1.6240993118642473
ackley,18.94765604793475,-18.80157122925184,5.008087072665068,6.3192469563594855,-18.96676009567644,5.0101889576540835,10,1.6967381369943075,15.571264362041013
ackley,-0.10047950886518642,0.14328183245646153,1.1169159945220106,-0.6698475801940376,-0.6029037198185492,4.086419104134327,10,0.5341019547003207,1.1142117289604614
ackley,0.09822553627867547,-0.20558608076546214,1.4122639672663397,0.5309055265482989,-0.7852122590712121,4.217703560153783,10,0.5088366960304582,1.0294093750328317
ackley,0.09423629788490562,0.06573221999294265,0.7588201770643113,18.906962343643954,18.99522767291478,5.016583294894465,10,0.7221876048840342,2.589778198236961
ackley,-0.07671573874508764,0.04213643364605946,0.5873293020779857,0.3971310663265939,1.0633356540147965,4.6921146595593655,10,0.4301691857403421,0.865288430938377
ackley,-0.08910536541288355,-0.04308052343275459,0.6597201919582214,-1.1042392500235394,0.5428621708349439,4.919460867809622,10,0.2813784093323152,0.6257010406310931
ackley,-0.1619806799372725,-0.007327525928996437,1.0423576794181053,-0.1619806799372725,-0.007327525928996437,1.0423576794181053,10,0.2910164911839454,0.5350168753500624
ackley,12.562874476996733,-18.87519575555549,5.0004549941659615,6.288140047961779,-19.155984370015933,5.062597490824582,10,-0.40568735128185685,13.382464523385346
ackley,-12.556749097616592,-18.842058630410968,5.000101105958583,-12.676221937084602,-18.776428879595475,5.011799091578471,10,-10.213816473886451,11.854675010794432
ackley,12.568277599420147,12.527995258146838,5.001002945015951,12.451070860946693,18.662313444123804,5.032583407219331,10,9.976612162995124,4.109157585569957
ackley,-0.007286252017359884,-0.49448241047720704,2.673592571242002,0.029649996437164816,-0.7144427736053345,3.494548919059645,10,0.8664825561411196,1.497579236346102
ackley,-25.098663796987488,6.289203344136247,5.0008135793335455,-6.229478072263092,12.452537168670453,5.0107348660895,10,-4.122902175148953,14.331404335788356
ackley,-18.80744120717906,-31.43069954158344,5.001353112456604,12.340231631008741,-18.947108829687636,5.040757997096058,10,-8.423419909671761,12.934319935525057
ackley,-0.1194681281400859,0.03725123747298276,0.8216112653936309,-6.419374178964992,18.850891670274315,5.012556921678227,10,0.6848582634131115,2.2980555822082818
ackley,0.0799545292606195,-0.025935289608197742,0.5651909575089573,-6.230994881191133,-6.230138530696458,5.00374048309147,10,0.11966968524742817,1.2804530268780328
ackley,-0.02442331412510955,0.013448579066113742,0.19384198548908538,0.69670022319049,-0.19132637255301788,3.5211414715567986,10,0.4911835260622557,0.959410577110429
ackley,-0.023281137499933102,0.047690778003065315,0.36343800506402557,0.6722498244329209,-0.6003007309658841,4.086543067778314,10,0.4267270417684972,0.860198885411834
ackley,-0.28241468156011984,-0.17309126161606525,1.943263203142474,12.57972773776671,6.288896760017479,5.000143394937236,10,0.9934375476789762,2.259534220336854
ackley,0.21588063959125492,-0.044172822693036906,1.371402904472609,-0.419484156957985,0.09440777155084845,2.3991308103382534,10,0.5477482594861823,0.829139632013123
ackley,-25.182894038834263,-43.932413355696816,5.003397530955066,-18.842301583058138,-12.239144240799487,5.071205966141031,10,-17.79085135569859,19.414582939815258
ackley,0.02680207627615494,-18.867822441156925,5.0007147901590745,6.115842234497254,-12.714384870193744,5.033637273216755,10,-2.113576541270019,10.277808309477233
ackley,-0.08386016809782826,0.14338349848426013,1.065449216415987,-12.825060148985816,-6.564743440009391,5.096970077116405,10,0.4205102938189189,0.8225784678539801
ackley,0.12697577233654878,-0.04527810171189728,0.8801815525547476,1.0507750464349215,0.11216391469912068,4.489346788246763,10,0.3992336620503887,0.4985826150236009
ackley,0.19916879188260395,0.16559229611250692,1.5786193277809208,19.01614693788251,6.220641437975303,5.021389085715564,10,0.7096597922369849,0.9468727365747588
ackley,0.010866221917241625,0.05406176399525897,0.3771688241719269,-0.786966297057262,0.32312051800087715,3.9302389323344906,10,0.3604581637114659,0.8541826446975608
ackley,-0.03117547573492707,-0.20078102608138237,1.2765741797543595,-0.6687840689081952,-0.7512906576445566,4.379345189227646,10,0.3834092757438633,0.7979245685623365
ackley,-18.900165861451168,6.2805060030172815,5.001744575513623,-18.84862503960207,18.956871017083678,5.007808138375511,10,-2.3386554788848524,11.635670426227232
ackley,-0.06587711505062455,0.04383876922126828,0.5336153240569925,0.6721440349429741,0.9663652067132666,4.8072580601312485,10,0.2187466686213555,0.4462295768314366
ackley,0.006880393395501727,-18.843830805353573,5.00005444424273,0.006880393395501727,-18.843830805353573,5.00005444424273,10,-4.612298655905113,10.267597163442616
ackley,0.027158300782769373,0.0798740899782544,0.5671672621339758,0.027158300782769373,0.0798740899782544,0.5671672621339758,10,0.22473321763166657,0.24309195068709133
ackley,-0.006638896641628977,0.08306606822644547,0.5605553705007966,0.17649318084673382,-0.9146982549789726,4.159756514099417,10,0.5967609343957273,1.27006199292999
ackley,0.06563448748340994,-0.06771608626675929,0.6303146446858094,0.6709252079006163,0.4310901749266378,3.7695523937240965,10,0.2158037522851307,0.3348652872195068
ackley,-69.1561487495426,-81.66504177737768,5.001330072516254,-18.86576098702474,-0.15075028797614465,5.015548271352365,10,-34.983922567573146,37.47207735001911
ackley,0.006323542768029711,-0.08083405282765277,0.546141389717326,-0.03554338898750231,0.08754122940877807,0.6314323050302977,10,0.19604015861477725,0.286404882968703
ackley,-12.609995721312355,-12.554178258912845,5.0013937811727605,-12.763500894204313,-12.798190052412334,5.061962828564219,10,-8.050488297832041,9.524816330814382
ackley,12.574539863696007,0.01512619021612889,5.000200733842959,12.476758311497171,18.987988008202464,5.018393162985065,10,9.611777738221132,6.263728098416057
ackley,-12.635041375138334,-25.04332415454496,5.008619505577817,12.497182220612835,-19.044881640993072,5.028941396775169,10,-8.350498059581863,12.013573988277967
rosenbrock,0.9859517741327242,1.046842544677279,0.5588286838717911,1.0311689493734164,0.9591516394538857,1.0858554564301162,10,0.9414028210393646,0.17977471091367825
rosenbrock,3.014724257064943,9.203168378430165,5.372568095832234,-0.12725475598132086,-0.4132605865503596,19.71380797168064,10,5.871401069931554,2.782316456079218
rosenbrock,0.9821857457252268,0.8666120646664943,0.9622227160975995,-0.7080549811887664,1.1070807639426903,39.609414231533826,10,1.1728149427252603,3.541870071034099
rosenbrock,0.2144888088428374,0.0366561125822944,0.6257688408004642,0.2576016494221598,-0.265179113538494,11.542881509594409,10,0.47262983814577086,1.1845687135521874
rosenbrock,-2.723090217805928,7.5221562058208065,15.004928831492567,0.5975131596253149,-1.2392981652918387,254.98579498226596,10,8.195510271209463,14.168403506887541
rosenbrock,4.411009035715008,19.639597941982483,14.969157439114854,-0.9261102022337653,-4.337304824742279,2702.496744283126,10,30.126511206874998,143.01367962411197
rosenbrock,1.3723618664616275,1.880517428997866,0.13947112713964951,1.5834026752737849,2.746041491575113,6.046602747756411,10,1.1073804353710992,0.7293100774456763
rosenbrock,3.15534360941062,9.860288078773127,5.565287094818973,-4.373768895900172,18.84938144867961,36.74389725015397,10,6.819212588882912,5.47315535045959
rosenbrock,3.5939791391484146,12.855789144090418,7.099571121353443,1.8068991063908335,3.8765761617006156,38.06776966520183,10,7.875109491538533,4.689685886158655
rosenbrock,2.808908722272914,7.768961044848124,4.736424168797126,-0.4274125200452801,-0.016736692979595347,6.014266567552968,10,4.928205890653896,2.230046386978672
rosenbrock,4.456010617952218,19.764396159364146,12.783696962840514,1.090712438810236,-4.9850816568329,3812.743807799386,10,22.122754623424385,132.9226651386623
rosenbrock,3.5341215726809363,12.55947892472376,6.904291793240084,-0.46598760604683065,-0.8489105535159744,115.79644649772565,10,8.09253519811558,5.785983878250702
rosenbrock,-0.00043435742787600873,-0.0054728204238374545,1.0038642863722822,3.4647679658682904,11.736767450640883,13.249422304694694,10,1.1965203910018094,2.9561825603534806
rosenbrock,1.6295947617694146,2.670371835214066,0.41827210228531847,-2.531873889639545,6.344953408017258,12.902267638699314,10,1.6231550500980112,2.1219965610345985
rosenbrock,3.6864400832643263,13.558536283273655,7.31495564118052,-0.2584936760822032,-0.35525134899384625,19.39814264293138,10,8.04329590705826,4.946605822840118
rosenbrock,1.6049192560288166,2.5572770115131895,0.4001109042210301,1.361603422555067,2.443867964757006,34.92943991949628,10,1.4398762651533774,1.5689353061646687
rosenbrock,0.4899752373055195,0.27524126696715,0.38378673526712404,2.6128567077390663,6.795591004013218,2.700086039703337,10,0.908713897640697,1.4786261520316832
rosenbrock,1.4392210024087628,2.020306647526171,0.45352989517214803,0.0622894088181738,-0.21206491546923445,5.542520528321317,10,1.3660061598924929,1.127235469344137
rosenbrock,4.085244322140666,16.64692489502847,9.697630028335102,-0.8229955448897641,-2.2470145362660148,858.4975356763431,10,17.209720885877726,55.00451187512213
rosenbrock,2.151361208301405,4.698754608808823,1.82124243996497,0.5605682845932236,-1.3201231771403243,267.30635427331606,10,4.345603049118234,17.392246330939546
rosenbrock,2.2250015982433275,4.84092277293631,2.704242827545075,1.2430149018901417,-1.1325337411651013,717.0238288762301,10,5.2446678456425495,27.521740948238616
rosenbrock,1.0028324736256913,0.9713397131756558,0.11788527640993846,0.8494656794277233,0.6095723728444078,1.277498936018358,10,0.9089565984714337,0.2799619664834625
rosenbrock,3.8118034323594827,14.611489927594256,8.572821317391885,-3.998946497854959,16.179831332578907,28.533582576404193,10,9.021568813671513,4.520500067353077
rosenbrock,4.121235577124102,16.98578897474013,9.742257042085697,-0.28020040656707934,-4.700097001846855,2285.149568315029,10,21.620945000900466,160.69804796497826
rosenbrock,1.4809584201748311,2.184575339993639,0.23882489653485292,-1.0024309636465745,1.0016963716731127,4.01073558332475,10,0.8484643043613389,0.9780307905556479
rosenbrock,3.525730351226846,12.451548837689819,6.422471078023973,-1.6037182043480271,-0.48980207412166266,944.188704004032,10,14.382757780174686,47.50924274727039
rosenbrock,1.4496788100303952,2.1217113422835396,0.24278382836447435,3.2820526764296076,10.88431234244652,6.472097608526627,10,1.703370303395824,2.3009959153982256
rosenbrock,0.9918236408482342,0.9655906899206173,0.032912777355905636,0.2342243247769069,-1.1981178391104343,157.58201811036125,10,2.2737165113334616,8.353106421342265
rosenbrock,2.0335995075489155,4.216589497538601,1.7254414881896007,-0.9166100857642192,0.744224180283144,4.594031957762098,10,2.344825356780187,1.5957414147620335
rosenbrock,5.392474182765055,29.058567711837775,19.334674260255895,-0.91864172005209,-0.12458967692462153,97.4789169983579,10,17.605568573463497,11.283517756650037
rosenbrock,3.4601412251363195,11.869355300719437,7.117772917559225,1.5772253852132394,-0.46870708831722396,874.331949997594,10,11.01306998999801,51.57537190030138
rosenbrock,3.242093787169127,10.438975643494857,5.548217741756201,3.580354036437406,13.069212899636746,12.922128344877681,10,6.1372644657528435,3.3288845390538473
rosenbrock,1.795049345323518,3.2210637090886935,0.6322330667589162,0.8421915005076812,-1.1103238846411934,331.12310727405213,10,5.210158208460369,25.29857694034547
rosenbrock,1.968423658317743,3.84252020219291,1.0413449002575619,2.5568812094208084,6.3622523372016815,5.500015612565461,10,1.3834008854146544,1.4511786234381128
rosenbrock,3.62688279517457,13.24804441400296,7.779712070238976,-1.44462933073099,-5.062393448217852,5117.292967699039,10,18.988848800901923,158.04629350181173
rosenbrock,2.2426591887484424,4.933233895545845,2.471307812090735,-1.2044433949099123,1.3310946409788755,6.28972956638966,10,3.183425431289077,1.327952339353791
rosenbrock,1.5143983103748937,2.3184101173334977,0.32714500225372345,-2.8934024977277346,8.216764641992647,17.5614975549911,10,1.4541224192508333,1.3091093351536398
rosenbrock,1.1432201619914082,1.3918701718716981,0.7416158524376072,0.2768132926877769,0.7081453002894769,40.40471232421572,10,1.4098434348576732,3.5853586089266734
rosenbrock,1.1486236446252374,1.3445362255774747,0.08559272861192144,0.9992002615770872,0.32162010728781354,45.80326034089969,10,2.9471377475605,6.607406387670291
rosenbrock,0.1878571680625747,-0.011003781595825046,0.8738903229154609,-0.9779802842585816,1.6181433915406807,47.69682438885051,10,2.5132768545587703,7.375966736278693
rosenbrock,2.519794623167032,6.333415926450085,2.335212809311713,-0.38195247355982076,0.3845010785342424,7.603427459721951,10,3.708576843759921,1.8940660566567133
rosenbrock,2.27012889235297,5.154810546547259,1.6134030607453027,2.4861562188559674,6.299048297750982,3.6028439330696385,10,2.602757759290543,1.417686090238722
rosenbrock,3.5786513266224667,12.853271368757534,6.865910008511793,1.6115019615802346,-2.431419010645701,2528.811932722016,10,48.508847836956214,284.73080367987
rosenbrock,3.6548813691036015,13.284802897511348,7.58648958192367,0.05789719130704185,-1.6058215580237487,259.83153896553955,10,8.380961503099574,11.229485248419998
rosenbrock,3.5031543264101455,12.228423739553497,6.456457861193234,-0.6624752495175343,-3.263740405581963,1373.698764918521,10,9.020748393909878,55.84917713007614
rosenbrock,3.070972930979339,9.361904392755525,4.76461979948296,0.7258236840602628,-1.0187755570569053,238.96174153997885,10,6.455282462950092,8.926379392033457
rosenbrock,0.690333643951691,0.4388632000226327,0.2380021959911897,0.8890381765541591,1.0356771778152272,6.028947461641406,10,0.9027372203667529,1.3012234398045504
rosenbrock,4.454401283746169,19.943937137255592,12.978319646085057,-2.2042308574795015,4.609416759611321,16.478002383152624,10,11.992360881289612,6.502836150988888
rosenbrock,1.0105727818001622,0.9742393362699318,0.2211811199814015,-0.9399974077296172,1.0604096480914649,6.889927445201554,10,0.6558062596746725,0.7569195405360671
rosenbrock,2.708548399617623,7.559323741197405,7.896021573859432,-0.07348488641904183,-1.2066061705184694,148.04827245505143,10,7.286221980241142,11.036337522239972
rosenbrock,0.6662931571891297,0.4308123309645078,0.12861108390265563,0.8402230924231162,-2.9155452085595392,1311.566278523327,10,16.573672533377476,126.07930749813258
rosenbrock,-0.8780323371103478,0.7331036618144733,3.670170248414546,3.7071480688353375,13.971436477511674,12.549403744427142,10,1.694688026478521,2.9008176458220616
rosenbrock,1.848111726749794,3.41832024678592,0.7200793457864554,0.30794587110835714,0.47756228524894606,15.127288649657194,10,2.2767485285636724,2.4643452214061843
rosenbrock,4.234851189314119,17.864152691949684,10.951632406626636,0.19226866622188865,-1.3394290867740075,190.0991147462226,10,12.642249720092476,15.07461013468843
rosenbrock,3.3787665147698327,11.47413840495583,5.995803524011543,0.1654300206775403,0.7630496234477349,54.819385796174736,10,8.61127964096708,10.612492504439356
rosenbrock,2.2275514132167444,4.965148037279587,1.507882763734089,-0.08156888009174423,0.5925504734416727,35.49731967705518,10,2.0161490676110336,3.1404339061100393
rosenbrock,3.1035731954967396,9.768378726824615,6.2803950883586905,-1.7923212850675831,-3.3572030755010225,4323.785997731962,10,9.492059121940061,124.64987031104978
rosenbrock,1.1269873321477917,1.3683729996399965,0.9818752462705282,-0.01771944205255238,0.07152225985839067,1.5428147943295718,10,1.143406709636748,0.21715161448410839
rosenbrock,1.5898574427299277,2.5493391813057986,0.39498822844215264,-4.285375710964011,17.5293170403368,97.67906465485537,10,2.4950513048129137,7.260300952754637
rosenbrock,2.7205609646833135,7.50925518643563,4.122483541020049,3.5527781940042935,12.67448221874541,6.7896756826885225,10,4.328330556235072,1.728818976751007
rosenbrock,1.5020882673925637,2.242440248251386,0.27121651667189967,4.310625924062293,18.890115569614714,20.484856698296994,10,4.043960906716162,6.09560151612137
rosenbrock,1.0837441034226547,1.1502718369351603,0.06571967423565478,-0.9723169897677906,-1.8193511731353418,768.2751209379869,10,4.334076743991665,44.82535414043671
rosenbrock,2.5389960251074104,6.376976735027002,2.8518685420141456,-3.497511595340587,12.183126919276695,20.472244065345386,10,3.916194846111463,1.9723530696359264
rosenbrock,1.3228639382465097,1.7828015799540946,0.21203895908831666,0.20103636804753577,0.03095328452190671,0.6472964668707601,10,0.918956084994572,0.6835917124294296
rosenbrock,1.6706662891935053,2.7968991779336605,0.45312640317951924,-0.18765029003769484,-0.7681671743748808,65.95242443627913,10,2.003682607022216,5.000857279766186
rosenbrock,1.3611043793447424,1.9185173118545595,0.564837925067687,2.9531311506100124,8.825962962930735,4.916788108819823,10,1.2884338486992155,1.629936172447334
rosenbrock,0.7375586077309642,0.5864295675063431,0.24896425812583212,1.441293307767193,-1.8480413667790714,1541.0459494565987,10,3.0894278927280863,62.839615919280114
rosenbrock,3.1669322135832516,10.11063091928747,5.354472788207901,-2.725827524877378,7.164033060542483,20.96285197183459,10,6.233242045647611,3.051637625568315
rosenbrock,1.4997852766353805,2.2541487039094132,0.2520824426666721,-0.37169470793090653,-2.4130483322800487,652.7463886175104,10,2.1934618410082813,18.953063009198125
rosenbrock,1.3216364470019215,1.7825777586215619,0.23200710674464275,1.8348978699072944,3.094573952798516,8.11048955047457,10,1.0431399247759552,1.752888255980592
rosenbrock,5.310240522166083,28.22355390756757,18.64017189042514,-3.9760336740582503,16.08181193331002,32.21207254790737,10,17.136602769256903,9.393837656739839
rosenbrock,2.662706308040291,7.062819387913388,2.8384973804416633,1.586824999228405,-2.81966523573546,2849.425875627887,10,9.457028895632876,87.33534977719503
rosenbrock,3.310549054649263,10.855931214202144,6.416160426214543,-0.6325398563416691,4.063625171242176,1344.801967378953,10,10.633040643921957,67.25362909399728
rosenbrock,-2.2959459221263625,5.322706779125136,11.12682985890816,0.685590121363159,0.02715040867894203,19.713424687902723,10,4.841279688644628,5.956724675420605
rosenbrock,3.460108487776031,11.923318500897498,6.292549889175837,0.5930369518059972,0.8013319426410224,20.383152425320826,10,7.7665410555389585,4.381217988965835
rosenbrock,2.2192453129651977,4.894208936874755,1.5816747648515384,-2.7405545176831456,8.135341996419424,53.017123427938536,10,4.8970794573454475,8.661888001408814
rosenbrock,1.8742524517269619,3.5410698931068367,0.8441102676154687,3.273903672768977,10.703784069427847,5.192132959739025,10,1.5963752218662455,1.0377882387083655
rosenbrock,3.1684698129494784,10.017261983496175,4.75039317924798,-0.8979186166283881,-1.8178311938697291,692.1864219386161,10,10.944883373901112,56.13867548682138
rosenbrock,3.5769263661928976,12.62554924321542,9.49168258322032,-1.4379320786938345,-3.791233570322177,3438.593615140062,10,31.69632554665705,279.19923586343
rosenbrock,3.327262231610355,11.055914789314881,5.437932800414529,-4.101851506632448,17.363124741037254,54.96672111093581,10,7.593290257980938,5.781441557172631
eggholder,8.735788359095283,16.06119969644808,-66.8080602346953,6.494005498018065,6.267602005608463,-53.70971701898944,10,-14.038390548715808,37.38927976429945
eggholder,8.422875946115473,15.85979159138685,-66.83766755828425,4.276018156133826,17.043157126487785,-65.77143815410717,10,-14.24380801458592,37.30722319649648
eggholder,8.608700557086607,15.578838305547256,-66.8416902896825,8.058423018353103,15.407641348828363,-66.81831374755416,10,-14.218632223977316,37.31875748174078
eggholder,8.200458514192505,15.826849950906546,-66.8364045508566,4.5511510140158045,7.455664248501126,-54.86182160299437,10,-14.271074085998292,37.275741794422885
eggholder,8.671438474025932,15.500634709044233,-66.83836835634528,-0.037027299076545006,19.680041049932917,-63.45279363512841,10,-14.282553133927516,37.26905677190703
eggholder,8.531466327061064,15.864671838389462,-66.83593998922265,5.615552259986712,5.842179059794546,-51.91109882068529,10,-14.157927857748327,37.28012924663242
eggholder,-46.50258608973264,38.24511990633186,-126.42100778778027,-3.4545770298804577,6.6137492908004365,-39.35583079151063,10,-44.11093532546912,66.77612997236818
eggholder,8.130294882828686,15.707187988924515,-66.8359949428983,7.976750749223768,15.189361883280078,-66.78457348334987,10,-14.317886332756364,37.2319869211704
eggholder,8.647289058064137,15.602693491652456,-66.84099630397382,14.345344436594038,7.608923059936167,-55.499217952279224,10,-14.197254771223179,37.30284713414339
eggholder,8.406066948537864,15.578912424754778,-66.84259617354884,-0.19158226805024725,19.740742643626696,-63.38506866179402,10,-14.316888087565236,37.22843908247216
eggholder,8.255639819336674,15.684919663379718,-66.84077016470863,3.2487134850194614,4.446707106737744,-45.33099990288634,10,-14.26647102535649,37.242579221971546
eggholder,8.308354839387896,15.765801513404007,-66.84093594050107,7.987040320534831,16.352044243017687,-66.77252876149609,10,-14.255437046117162,37.30791601795654
eggholder,8.543171832222958,15.63517204245425,-66.84316994625047,3.7627651638068187,-1.8415673741077434,-25.137974008533185,10,-14.201005942567638,37.26666801549862
eggholder,-46.48604261635309,38.21997235623369,-126.42206720376103,-9.307025350944647,24.408307563884463,-63.894847158199994,10,-44.726406899334734,67.11702953233198
eggholder,8.502086061198108,15.640345980001506,-66.8435661295132,8.554737465908076,8.006801343688842,-58.69510782903771,10,-14.233865228497768,37.28612665642658
eggholder,8.457999897761594,15.726026801788448,-66.84289904566269,8.594498572463092,15.776320445932626,-66.83917645697504,10,-14.216170732098705,37.32200744298356
eggholder,8.335437753725659,15.780729645789767,-66.84090577811963,5.959962066952327,5.303482394711828,-50.7697188220907,10,-14.297888508780082,37.23058749311208
eggholder,8.216762128277862,15.579296018581653,-66.83772269997435,9.129990010542741,15.961823611298442,-66.78495217508647,10,-14.327735994940564,37.24524202542131
eggholder,-46.211255577076535,38.30532121979599,-126.40790547134858,-0.6578565666527467,19.238632624813093,-63.31170757942016,10,-44.52770697936212,67.10651839700526
eggholder,8.330425991082535,15.713038569555517,-66.84230585043129,3.0054379600610197,1.0809923935071524,-34.322345613128796,10,-14.331781257324062,37.194543455577005
eggholder,-46.39354820280755,38.00328940698857,-126.42093672621931,-9.020240091166567,25.45810654327612,-63.5445678592715,10,-44.75350631473447,67.01202639561589
eggholder,8.33048417506351,15.547310925584032,-66.84031366610635,8.16644711044859,14.891462338942233,-66.74361169274458,10,-14.318995935138974,37.25392373781399
eggholder,8.455513205103502,15.646437401640258,-66.84371397494819,-0.1721218256460766,-2.015741242839443,-18.164239626470906,10,-14.12922134529136,37.101974319302784
eggholder,8.530714093408129,15.505276898253408,-66.84073610931641,6.880435793618206,4.586028376445956,-49.458373242862486,10,-14.300410098736812,37.210208825685854
eggholder,8.796200179030544,15.601111413074968,-66.83517017450374,1.6166214238936991,6.106097031041099,-47.57201249150985,10,-14.15286765173397,37.31979739705209
eggholder,8.496253408891123,15.765030414335152,-66.84150638628287,7.943167505895513,15.978370592621395,-66.81658448515486,10,-14.193845964690048,37.345646312822566
eggholder,8.472335033073051,15.697969305508773,-66.84334524708164,6.404930815265246,3.7527186564622905,-46.68299780893189,10,-14.177645331299413,37.26824820314034
eggholder,8.62587716668499,15.60442084899399,-66.84155724851982,4.20123060130657,18.763789229194195,-65.17545288310475,10,-14.21429947492299,37.320059800041406
eggholder,8.355156863759081,15.712904983438056,-66.84266692199493,9.494332375288192,15.483984965227608,-66.76174602583966,10,-14.269787092654202,37.28590574749126
eggholder,8.190706894580764,15.741250960431941,-66.83827742946711,1.7594336338358012,4.881946435145773,-44.361227630295126,10,-14.253940813240485,37.22898832921225
eggholder,8.50117914866449,15.633641971498623,-66.84355891853971,2.32205051037253,1.9334808388325744,-36.118764559595796,10,-14.275573798014708,37.22692124459241
eggholder,8.534789295599802,15.651850972286859,-66.84324520639304,8.283257857452433,15.641205356384638,-66.8413055424176,10,-14.234548786311978,37.31155519838578
eggholder,8.400523762469494,15.57450447720058,-66.8424252004725,9.058713582208036,15.481004053808206,-66.81568220966619,10,-14.286052874607982,37.27751908338467
eggholder,8.570907400715424,15.690716761774125,-66.84227179976574,18.408573844112606,6.160674608354615,-46.144889174939266,10,-14.218155224681007,37.280320580573424
eggholder,8.346736623754474,15.705320835972245,-66.84264238509745,-0.12955995375902063,17.73165998602048,-63.469051979150265,10,-14.313002251502603,37.23027094275068
eggholder,8.359188112645027,15.53634597389276,-66.84055527217319,0.9511738067406252,8.038083264899647,-51.458811458422375,10,-14.335718491916657,37.21042454477582
eggholder,8.58321915139463,15.596952224258494,-66.84237934039051,8.751799724624806,15.225572045587464,-66.81651757155798,10,-14.247350332545379,37.290702381341276
eggholder,8.455663153101284,15.924045771299165,-66.83296180768156,13.419928690536919,2.1014231634430836,-41.44764277216149,10,-14.159620745682195,37.29967662517767
eggholder,8.494633428791715,15.622839946182498,-66.84354347731642,1.936085798346003,-2.7897454931641654,-19.182670365892292,10,-14.211724582315892,37.2173386069654
eggholder,8.506248535091206,15.616315024651305,-66.8434366448312,8.372589412145189,15.908240917939892,-66.8346497530989,10,-14.270034810529292,37.28555582056247
eggholder,-46.17560055072897,38.197548016021194,-126.41358821658204,-8.847135172491722,26.88212673226973,-62.66601340897549,10,-44.73760536962106,67.1567873702919
eggholder,8.331936641132094,15.662023059043957,-66.84256418539842,-0.5405184878981828,-1.154393947689222,-20.399383731947196,10,-14.282492876334667,37.17760637969668
eggholder,8.644785601843113,15.806904025164153,-66.83610694942668,19.412321693918596,8.899038359925449,-49.55352217347992,10,-14.19543708100121,37.31471083226289
eggholder,8.166466508213784,15.888401250695011,-66.83249088189903,8.112745897193278,14.91270398970451,-66.74393196300122,10,-14.258666868292039,37.308322381297394
eggholder,8.351940381696451,15.627720447435618,-66.84267521086386,8.136356415106437,14.949123659380142,-66.75409018188738,10,-14.289100828572833,37.27794420381648
eggholder,8.541535071747214,15.938522134953288,-66.83007186710432,0.41361797579070014,17.890235061938007,-63.81325605140466,10,-14.166488482453806,37.34685872154365
eggholder,8.612612960565128,15.548586841443491,-66.8410657133658,0.5118299109006621,-1.3585432373911175,-21.758973761378147,10,-14.21226279981014,37.19385707339011
eggholder,8.832308780393252,15.483372078350369,-66.83152707663857,8.22927490553262,4.887382718409842,-50.98781405905951,10,-14.2339508863912,37.262950777482466
eggholder,8.40401492907111,15.896841933103863,-66.83539094872958,10.237606731891049,5.154518440703207,-51.979947898949625,10,-14.223682038919156,37.29782707067692
eggholder,8.563433670911119,15.839564805229386,-66.8367587788745,4.305610324211795,18.20615118927705,-65.47967686402802,10,-14.224190803382957,37.314014916878264
eggholder,8.303486740169763,15.791647197231008,-66.84008824510083,8.64936719883245,15.791647197231008,-66.83672962354869,10,-14.248027069999837,37.313608422058515
eggholder,8.55988211634322,15.793834649629641,-66.83925882252039,5.790212241770941,2.881917015001635,-43.494378001698635,10,-14.179246926508586,37.29930177952438
eggholder,8.351064670991342,15.892620379361352,-66.83564930008718,6.682236565418794,2.1315988973253504,-41.80292674055217,10,-14.276481469787141,37.21358071202717
eggholder,8.258617295520864,15.662201856346673,-66.84078743794979,0.1216552105076758,18.451229941885494,-63.69421536524414,10,-14.323583411751876,37.22921756596098
eggholder,8.658987935250597,15.442716949856884,-66.83622611771273,1.7414224511919567,-0.17196579843058046,-28.06044747672277,10,-14.243612502391397,37.06038799336572
eggholder,8.422712234910392,15.882912404728849,-66.83623432388991,8.422712234910392,15.882912404728849,-66.83623432388991,10,-14.176869894750222,37.360140463727255
eggholder,8.202801560663803,15.681393809280147,-66.83900783691138,14.455765604476701,8.36083291211785,-56.89306324952691,10,-14.28985602548043,37.22729709982404
eggholder,8.23550694753529,15.801786896796036,-66.83828990742614,7.887551626505083,16.66913281299084,-66.69913076069976,10,-14.277609153831685,37.293921620255446
eggholder,8.491742865048682,15.473938065150023,-66.8393915037755,9.219007802307821,14.738109345480588,-66.70726853453058,10,-14.302205620887284,37.247544479386356
eggholder,8.647684017553981,15.776463711447654,-66.83750927658032,5.781088811476611,3.8528607919450923,-46.46717327477436,10,-14.174349672308995,37.30283569615344
eggholder,8.434762279243103,15.649063019092836,-66.84367697743949,-1.176039091147608,17.651318967199863,-62.7889231450776,10,-14.31885144074821,37.24701820849325
eggholder,8.625161277797094,15.544354504302442,-66.84071372334691,9.044488215458749,15.354112630887215,-66.81162551492623,10,-14.225599734218303,37.31071034908602
eggholder,8.416517809299899,15.627103339834413,-66.84346397260299,6.007055955290788,8.991489524563303,-59.407650250605506,10,-14.270644638519,37.269676520884516
eggholder,8.555720787754312,15.645526255825116,-66.8429831672009,-0.5654631011427274,-1.113921694044226,-20.487610444263467,10,-14.171087041973037,37.24972503513
eggholder,8.478668851793511,15.6126600351446,-66.84350868978348,9.589929961188814,9.10439773390345,-60.93933602360935,10,-14.247829803942786,37.2869427078167
eggholder,8.490181456671948,15.77390030390788,-66.84125538387272,8.490181456671948,15.77390030390788,-66.84125538387272,10,-14.192391207764297,37.346934852694666
eggholder,-46.73690719771341,38.1265967161721,-126.41565232305217,-1.9482502992977366,3.0724774573424725,-31.60019490007562,10,-44.603524871728055,66.85178287943671
eggholder,8.352171263583614,15.856912417686264,-66.83778189681928,7.534739813307613,16.066922097836777,-66.77476024367873,10,-14.222027733040575,37.32566892548833
eggholder,8.461042635786065,15.765109307704742,-66.84181126080014,3.2715166588233124,9.138782389397814,-57.08242169374131,10,-14.215124084539687,37.2904830041095
eggholder,8.596034821326327,15.580764007554286,-66.84196156918154,8.50369678985458,15.313052273342358,-66.82781201227723,10,-14.300989711278914,37.2508300464039
eggholder,8.549031857670036,15.521294890544485,-66.84119200977976,0.5275992075549425,17.921127545431347,-63.88003368081459,10,-14.283661066604436,37.26849042600143
eggholder,8.349203905786023,15.73334935568904,-66.84226822098867,11.5166159230573,7.9385125523286035,-58.30207304909127,10,-14.27191318648044,37.27380858334392
eggholder,8.300527773228207,15.653008464513634,-66.84185233854181,-2.2669288098662896,0.3979211111621339,-21.925469492933527,10,-14.208365113589537,37.14554529055783
eggholder,8.523702981916532,15.562087396266431,-66.8425110041637,21.331594544704476,7.075287114242222,-41.73087365922028,10,-14.220255445154052,37.271493567691465
eggholder,8.528156580650634,15.605715785491007,-66.8431808811389,8.912247209060755,15.605715785491007,-66.8281670238362,10,-14.235115524838548,37.31136353710087
eggholder,-46.38972562749207,37.938748254530275,-126.41706271631026,-10.459721421808002,24.872190287652625,-64.86012148096756,10,-44.854129822318036,67.00837381500868
eggholder,8.663702161108036,15.773039193944687,-66.8370784047466,3.336913397929706,18.580706569266447,-65.01614988272595,10,-14.252317791406227,37.28964051788627
eggholder,8.505061026456964,15.754401515951024,-66.84175780765172,-1.4748277009328845,-2.1647035782376847,-14.951446912326382,10,-13.944791835521334,37.13292847796956
eggholder,8.235028550362149,15.68783778973786,-66.84013860506482,0.18836155090821016,4.312885336020948,-39.910168570853415,10,-14.264854103066956,37.22980850316344
eggholder,8.438312971358755,15.639983140340977,-66.84366370153698,7.519115251150836,16.297381762830206,-66.74915205368329,10,-14.266278915170409,37.293444304426465
eason,3.065436397979811,3.0617439146232384,-0.9818962819554461,5.074701745746516,-0.3599544287794707,-3.7414854595405506e-08,10,1.7164197927570004,1.769435974209898
eason,3.038302302036821,3.0683133049513525,-0.9762173151285126,-0.9770345691573041,5.512617515305799,-6.239397077337349e-11,10,1.7126109032261267,1.8577899206168798
eason,3.1228290545501194,3.20440220940381,-0.9935737591075682,-0.17314928716481148,-0.9755420463197879,-4.0620723317219766e-13,10,1.6928867313325073,1.8989203447781218
eason,3.0884173251520366,3.2467761541857456,-0.9793681367098831,2.973477831489472,2.9227406440266606,-0.8918129086625856,10,1.7879325349957094,1.9451192084273632
eason,3.3223317992944854,3.3730123383351303,-0.8783898581460767,2.8926943539576726,2.568556963245136,-0.5511954451470558,10,1.9374732624821331,1.9904499654882468
eason,3.1982497672614376,3.0265485094175295,-0.9756188571502373,-1.5174855170786667,-1.1746864122701943,-6.233795665666341e-20,10,1.7363299062145998,1.9430740066610281
eason,3.175222215038824,3.0355265589357234,-0.9815894523266592,4.774109117838391,0.01137718633245477,-2.3842677422990094e-07,10,1.6907077344452075,1.8014725684568285
eason,3.118705994713471,3.134808750751758,-0.9991456114161099,-2.145657181155684,4.1883355195625,-6.578621882757688e-14,10,1.759420938348775,1.9502425182631424
eason,3.1104942776289906,3.15954806729842,-0.9980675242129942,3.336997234549031,2.692236266283089,-0.6949804604670987,10,1.7513952944161026,1.928142538867103
eason,3.2156816005321494,3.318978231339277,-0.9459950488772767,0.8392304668158399,-1.4182251863882538,-4.727398897055694e-13,10,1.756932749861856,1.8790031871139519
eason,3.281455423836892,3.227208914232202,-0.9604300274365659,-0.42973863517767796,0.4301575848912833,-1.5313203560467721e-09,10,1.8401650779400924,1.986450155408698
eason,3.0291704095869902,3.2110507146857983,-0.9741304291788953,4.551429084484605,4.384569292149179,-0.0015082298702762957,10,1.7592287038195809,1.9331809462664868
eason,3.2024753733706053,3.31066143657997,-0.9526514363054546,2.7983840695873106,3.935179176328319,-0.31270624184334067,10,1.8554767871067468,1.9839077994313614
eason,3.1417498275183715,3.1108368300556117,-0.9985820136340475,8.355953614534446,4.093873528643462,-1.7517493798484704e-13,10,1.7638326016317827,1.9496838341139977
eason,3.0909402510891724,3.123667081032495,-0.9956783198724115,3.01473845614394,3.734830163125153,-0.5692346374080053,10,1.7093604652555507,1.870853541010528
eason,3.2378354523023214,3.1431492276687933,-0.9861914091277921,1.6283456154273317,-2.4799609843596997,-8.666789975202698e-17,10,1.7560137291184332,1.9360596238521153
eason,3.0666176401685203,3.230736883308385,-0.979846031545029,-0.24124283404008295,-0.09281655141853307,-2.9658766939184815e-10,10,1.7189422247705428,1.9308962297075196
eason,3.220639419817113,3.1572121020864863,-0.9903054960780735,2.8358164540176922,2.854143821979328,-0.7668087427026807,10,1.7509572076638271,1.897853448303066
eason,3.2004499510469078,3.017912261566326,-0.9722307441660564,-0.5157922608814118,5.283560077781967,-7.4213389207532126e-09,10,1.7223827743077853,1.861047631134955
eason,3.3255100587746087,3.0254825367870755,-0.9313946671373583,1.398363004029008,-0.5866880521615272,-6.28802367789248e-09,10,1.8072914428437064,1.9398810817483179
eason,3.2336888943998447,3.2398934315463572,-0.9731364690770316,-0.0637459001499252,-0.8486498973936563,-2.769732939047043e-12,10,1.8753058102641216,2.0157977316079205
eason,3.0642709306446356,3.1446190997067376,-0.9910555459945251,3.260194287366204,3.5364658131498743,-0.7732771326206314,10,1.7405063224409958,1.931334373820541
eason,2.9963421582801164,3.4457572669045433,-0.842661952976943,0.4612672935178175,-0.12790145200352399,-1.5347355038629125e-08,10,1.8286589692586575,1.8489733458622213
eason,3.1362693672314474,3.0721502541849866,-0.992748602457607,0.41903416729743626,5.3409931802498,-2.5710937556542535e-06,10,1.8073979786659295,1.9454512790608354
eason,3.176083581803425,3.2712918251905343,-0.9733212815334639,1.088412272442902,-0.12451967468426162,-1.5827773452418374e-07,10,1.7857550777636273,1.944760144600528
eason,3.15674895743601,3.248681636813643,-0.9825955937599923,3.1338493035208828,1.667203841703369,-0.010947622370579065,10,1.7378971988884624,1.8675056920803046
eason,3.1812977835925444,3.1721671462222467,-0.996239861630966,-0.3119512265572624,0.9510115985194432,-3.0112563684431906e-08,10,1.750355453947102,1.9604969540326043
eason,2.905012870277335,3.0441054575417854,-0.9062109314276805,-2.5819425684460384,-1.7088448580300692,-4.190208736529848e-26,10,1.6857550801689973,1.8674468703833518
eason,3.257609288896246,2.9769470388607835,-0.9408901412372279,2.739852486958121,3.234809401653056,-0.773057346115128,10,1.743357515732173,1.8592435142861816
eason,2.991842204534276,3.2829405788481196,-0.9383030963863375,0.6274784823154533,0.42356854154753165,-8.213849574698105e-07,10,1.9743293762689094,1.9153941227152491
eason,3.232669775674865,3.0112179563601478,-0.9627429408584895,-3.631425328575574,-2.3146494261275876,-8.40268877550933e-34,10,1.7075579402864072,1.9334908734307967
eason,3.04108281655021,3.3741465451392276,-0.9079816195046214,2.483337938199117,3.585382768792911,-0.3804057268861603,10,1.7762288264174806,1.8671262351212141
eason,2.881476949785249,3.0654884974566325,-0.8953242354646664,3.1699220385211575,2.650096898679063,-0.6915933636167008,10,1.6927845293794839,1.7178713774832741
eason,3.2173955541424597,3.1050419091235852,-0.9894302966317792,0.125368472163629,0.3882975022348454,-5.244590728540366e-08,10,1.7428190792974003,1.8965757758533626
eason,3.202395263466329,3.0197800138158875,-0.9725610045403231,-1.905126885088304,3.5161119325531445,-2.305316385700778e-12,10,1.7388038744731076,1.8988673143185777
eason,2.9602207943261893,3.0850465274644456,-0.9472126565678112,3.465717852362399,4.122277832671415,-0.18150947973144552,10,1.7077073104310405,1.8702427695736517
eason,3.336463376880315,3.290731139173362,-0.9134851070502427,0.12359028177655773,0.9301899276129788,-4.938697401433686e-07,10,1.780815533568253,1.8756413949508755
eason,3.1179980927790574,2.953002324593534,-0.9471564691465149,2.9564062697948046,3.0690668767340057,-0.9422994205800892,10,1.7035081501434144,1.8741980369222773
eason,2.876908635035524,3.1031456931431514,-0.8978783450024793,0.2324590532722226,-0.6487813267285425,-9.431467903611198e-11,10,1.7001522237178568,1.8130460139054296
eason,3.230481088083704,3.058731608306307,-0.9780839160378196,1.2081367511963776,5.6971324070531715,-1.0253325966579424e-05,10,1.7205995716083626,1.839599642676495
eason,3.2053047298585717,3.1699971455780602,-0.9927260892809613,2.9539648719347724,3.1504546419429076,-0.9483531382785375,10,1.755685328923947,1.9291307097402588
eason,3.1893490155731006,3.197075531924117,-0.9919924784824098,-2.4376037839274822,-2.9674561639579906,-1.4090902307564746e-30,10,1.782934019193926,1.9401422921575004
eason,3.073374250732471,3.09750977693367,-0.9901511233605603,3.6078708432003594,2.779344480848506,-0.5894121300027676,10,1.7998287571471459,1.9421708026048625
eason,3.1044537267165735,3.2623800894631447,-0.9763137073060935,-0.07383738592663036,0.5089974547094371,-2.7534430868268545e-08,10,1.7982488767399885,1.9433187970560781
eason,3.085600205302824,3.088971858746895,-0.9911815004305584,4.116814889898812,-3.6216500579633006,-2.6215557331972916e-21,10,1.734056679651021,1.890778923323579
eason,3.166164920573344,3.1789359586191637,-0.9970068179217796,2.861039550369334,2.5767713145699265,-0.5453061050766795,10,1.7678913681278114,1.9289704537261272
eason,3.4288696136253396,3.5099871332248282,-0.7192566630901744,2.122234480904307,4.359278214931518,-0.014550628658325383,10,2.070895235678934,1.9672618702705782
eason,3.0553082224263513,3.1628696355094212,-0.9882187342374225,8.072135094286406,4.498523267589009,-2.016884673044079e-13,10,1.742042734492937,1.8458842226206007
eason,3.020669171427014,3.151353922640639,-0.9781477516899236,-1.3881415787253957,-1.5532187481902042,-1.0487865449972428e-21,10,1.7325304467665372,1.934812769482149
eason,3.1386067124323223,3.1631203426979764,-0.9992916971935467,2.4052042200036894,1.8585941005502153,-0.02357462535757598,10,1.7604653420744791,1.924511569107224
eason,3.4608878948918527,3.075661273044415,-0.8518569924073492,4.551648804505739,3.439033271561044,-0.01917958620915153,10,1.9643277155530094,1.9754176554840122
eason,3.112589911742152,3.0478444293311124,-0.9856525756793403,-0.2740539683309784,0.5453206122703946,-8.341671375568182e-09,10,1.718887227855929,1.89523450539807
eason,3.134295404561713,3.1996230795035636,-0.9948810304391019,5.19251473800907,0.22717573125917312,-1.3729294511400512e-06,10,1.7808706787351931,1.905592878250048
eason,3.1854941393016833,3.124360705552089,-0.9966688229405872,1.3984465758012696,6.823925864967386,-9.097590269169179e-09,10,1.7675217517785529,1.9510150477152528
eason,3.138491951518338,3.0773475374381043,-0.99381222843087,1.5093739706090012,6.9290317243743935,-2.0115713681105578e-09,10,1.7632332966085649,1.9385960222034266
eason,3.127161367668819,3.1327399398071765,-0.999570139458091,3.127161367668819,3.23357415392282,-0.9870749849173156,10,1.7535381638131817,1.9467231214576337
eason,3.139658583528224,3.102418696928291,-0.9976949551131771,2.935944112316946,3.2422779325325166,-0.924222340227538,10,1.7487044845378281,1.9335179614956899
eason,3.0809849691045312,3.2263433352916198,-0.9838425673919899,0.23313570023493568,-1.1600717580813082,-7.573336182675165e-13,10,1.7584943851164667,1.9618355679183974
eason,3.0543286459994077,2.9090953595429356,-0.9114150346814015,5.150377899515952,-0.4809361445049234,-1.3292338434969796e-08,10,1.6882268982559707,1.7703162396742604
eason,3.158433315163859,3.1507301970656227,-0.9994494904272402,-2.2667915748691954,2.93092761910842,-1.1873903702914948e-13,10,1.68975837503354,1.897361438090203
eason,3.209641489897124,3.0212360657970123,-0.971713887968351,1.1961150545279953,5.008842709641268,-7.431124166557338e-05,10,1.7255459894716618,1.8703094441561412
eason,3.1312163968506486,3.1210217359653223,-0.9992040570071226,3.477545213645481,3.640514961157571,-0.5773477475277752,10,1.7544970393881583,1.9452715520374004
eason,3.3877526035987477,3.2193875139097026,-0.9045802882651928,1.9659788939620633,2.02211084648534,-0.01203842699776059,10,1.8450741208562014,1.8940887592559323
eason,3.2739985841113928,2.965961874907329,-0.9299058515375896,5.526954264222143,6.634028673934743,-1.1647762954370056e-08,10,1.7397943715500623,1.8791296014721173
eason,3.497166125432509,3.168032768259379,-0.8252439753044243,3.1255963167638967,4.621757165841352,-0.010116473111300624,10,1.786244654888597,1.8345133008198817
eason,2.972322113452382,3.27606292021452,-0.9322087830985059,0.09887828723654479,4.921423625738829,-8.287444935899522e-07,10,1.7063923237319742,1.7956299285942285
eason,3.271305993440862,3.0339460045928295,-0.9582419746007689,1.1812376255046129,1.496028225453415,-4.053549628907664e-05,10,1.7837238625566518,1.9067318934821307
eason,3.1298858968482914,3.113539432236741,-0.9986148599327836,1.3387300817614154,0.3204642449863151,-2.9578268680014217e-06,10,1.657804463834082,1.8013255698667867
eason,3.242375300792709,3.226615875653346,-0.9742453387007517,-1.1172241654304962,5.478355411716262,-1.7141890813460437e-11,10,1.7376701287286915,1.9130879286833247
eason,3.3751662513844716,3.366316516618788,-0.8538042734118901,5.381220734135649,-1.4353379618392452,-4.434009716997567e-13,10,1.961583882466558,1.9973188905800845
eason,3.1271475986939383,3.143064447939936,-0.9996838076861705,3.7491044703266923,3.4376755976607143,-0.497395434546877,10,1.7761806282572938,1.9520798553561813
eason,3.015221521505913,3.4207789580706427,-0.8681329647716076,0.15413003377588552,1.444300383551905,-9.301940164273472e-07,10,1.8690845735507071,1.9029092855366894
eason,2.8399003845473523,3.0902109354118847,-0.8683194227769689,0.4803849132108269,-0.5918757147532538,-5.465559052145082e-10,10,1.6512777605006763,1.8034043951559575
eason,3.236751760576654,3.0932858429181422,-0.9830547051594626,-1.4920865380679444,4.997196026167359,-3.3429033626842715e-13,10,1.7841782102450976,1.9638361334193077
eason,3.1255359078685334,3.1520065954230665,-0.9994507404770204,4.110814138839043,2.7098827071391796,-0.16674958209019214,10,1.7579393428328343,1.9142180577328218
eason,3.1802052032961194,3.1297903695067646,-0.9975574665647209,5.6824307613056355,5.768938801838225,-1.1339681101068212e-06,10,1.775928477348502,1.9625080528428258
eason,3.2425276494793387,2.945527022273474,-0.9295287838443297,-1.9469463358184456,-2.0019734248615464,-2.825439478038907e-24,10,1.743177722663199,1.9112819260606089
eason,3.056707181163996,3.2178033969179776,-0.9806618464590667,4.386350871034416,-1.744012142962852,-5.044534317346443e-13,10,1.760165023391475,1.9192216287409523
eason,3.1480416301496827,3.096232832355554,-0.9968559457831491,3.8258595694477293,3.096232832355554,-0.48367043356300626,10,1.7505513246589077,1.941824252062128
eason,3.140814062171705,3.1374785687727313,-0.9999737024741646,1.421543167320948,0.006662325709131167,-4.161552459136314e-07,10,1.7272173961732464,1.9091077460407224
funcion_tarea2,-125.35704822719214,-124.7917457460645,592.2495661728369,5.905404107991373,5.9874002645120825,830.2770397847667,10,188.65502371425688,371.0578578014601
funcion_tarea2,-125.01230299094425,-124.90018063923009,592.2184169878442,-23.626964921371773,-26.039432270966785,790.5192153760772,10,165.62217105319053,362.89220348982855
funcion_tarea2,-125.074769483258,-124.50615858979342,592.2346871025989,-20.525154090475695,5.163674670666847,813.8351973763614,10,170.2660598756269,364.9487466878289
funcion_tarea2,-25.843902037883534,-25.960436290664205,789.8010285041468,5.205016210024564,-24.912746250487203,810.0704945478117,10,248.15357440448423,384.89966260290896
funcion_tarea2,-125.13159993957615,-124.71187096911217,592.2270173254301,4.739517944291315,5.176249455226699,830.1263998909409,10,228.3070320661044,381.5708989687562
funcion_tarea2,-124.89713275233983,-124.6399453227922,592.2186708976666,-21.263411898973878,-19.794196486201372,797.6991954949741,10,162.4536273513668,362.0191238399174
funcion_tarea2,-124.72730515078084,-124.74979808706529,592.215612000992,-26.728517536840208,0.023808322788926084,813.9832698277395,10,176.66307575428158,367.6865914946284
funcion_tarea2,-125.54232960972266,-125.22085367555461,592.2988316081529,5.736138750467566,-27.401539931194897,810.3214852723594,10,192.67880426068297,372.43143549843774
funcion_tarea2,-26.214740430016295,-26.047588991778955,789.820358682119,4.68307754909619,5.174895693492644,830.1384506805549,10,252.19035799477652,385.698410524064
funcion_tarea2,-122.6739694481709,-127.23487241226968,593.5581376841621,-28.842117244529746,-24.721774276840534,791.2544237147877,10,237.7928804967241,383.5267466769529
funcion_tarea2,-124.9020397796593,-124.45319653474039,592.2323726470191,-28.10635413597204,6.4956314900642695,810.9680926393878,10,188.0546971574581,370.8555257071087
funcion_tarea2,5.1563644118281395,-25.88195266675206,809.9389268467849,3.234065001381218,-26.91562597764421,810.8870963066751,10,262.94459531107435,387.0253711437355
funcion_tarea2,-124.99447540681932,-125.03855119270065,592.2226145372257,-26.497328752664306,1.21965516952325,812.8486489317962,10,191.64896452199412,372.0704798141188
funcion_tarea2,-26.00277965348718,-25.904760204081924,789.8022399431712,4.707418812136591,5.300867081659135,830.1330444260832,10,255.3725509890667,386.2058956976639
funcion_tarea2,-25.950008127083535,-26.009098617605275,789.8031210783081,-26.96340430588767,-24.509975343003795,790.2354389536016,10,245.95890388507348,384.58543873629634
funcion_tarea2,5.267465207700287,-25.91910659259327,809.937948577845,7.94234701663021,-27.418850588493278,811.7008454448606,10,263.1032667043036,386.8844178991247
funcion_tarea2,-124.8039526718565,-126.07150647763737,592.4127566901104,-18.914336393162486,-18.812890292940867,802.7807055529655,10,206.0152708131645,376.3523563637074
funcion_tarea2,-125.10435212309906,-125.09443611887194,592.2322726132019,-22.163391694153766,1.2063395700020312,814.7284554645053,10,169.08536369847218,365.2668727562997
funcion_tarea2,-25.831250905896656,-25.899609197058385,789.8002555090072,4.639044221039114,5.418545471237756,830.1543688552365,10,259.04437573235066,386.6785950138358
funcion_tarea2,5.2077440209427,-25.85966867012358,809.9377830983811,5.607103046834322,-19.381538221555196,815.5897579225582,10,263.0282669786378,386.9773339196324
funcion_tarea2,-25.78866873370435,5.037535156235453,809.946880320433,-27.89567409579049,3.7742891406025905,810.9528740511769,10,263.0511762303835,386.932309755382
funcion_tarea2,-127.09811506687298,-130.02489662333934,596.3651366615702,7.2389029707722905,-28.0122455180569,811.3831008149559,10,190.87811037695292,373.458123975978
funcion_tarea2,-124.67067256375115,-122.77815530716119,592.7575301808273,5.09341562562496,5.2101260185251,830.079659846907,10,250.83502930324943,385.50943923217596
funcion_tarea2,-125.10176586983494,-124.85488848440363,592.2231096772739,-26.630519741052296,-27.37048642812649,790.2020637509477,10,173.5606933894981,366.5580638342137
funcion_tarea2,-124.97525447161986,-123.42101207927267,592.4714526379024,2.9227796158622077,-19.841596762241092,815.8862440964696,10,241.25879019358112,383.88178699513753
funcion_tarea2,-25.8984459864377,-25.959846403360963,789.8009169375579,-27.006578689959753,-25.625605616854003,789.9922783406278,10,245.9840385217819,384.53709730882025
funcion_tarea2,-25.984358576005423,-25.755315480587488,789.8036545716668,5.55947580055831,4.9546389707051475,830.1122386924527,10,252.78606273653247,385.6497007877411
funcion_tarea2,-124.52507675801496,-124.80150086144343,592.2254881830912,-25.017207104731153,5.3443126402055405,810.0453659329298,10,181.97544080532063,372.0044881984672
funcion_tarea2,-124.78469615874347,-124.61423692968494,592.219676292333,-1.569358040709412,-25.673831658917152,815.3794213155103,10,169.00083809637155,364.21688452938
funcion_tarea2,-26.330617436411103,-25.99090733821354,789.8312073587246,-26.330617436411103,-25.99090733821354,789.8312073587246,10,245.83656086136665,384.6623284683826
funcion_tarea2,-125.04474356795863,-125.75281207408558,592.3295156325298,5.256538021880051,5.60594285671278,830.1023769069195,10,230.43934357763558,381.91590387233
funcion_tarea2,-26.111571866526187,5.234687733669724,809.9454064079331,-23.49201640531758,6.942563510743332,811.3165504007347,10,263.0423171187911,386.9407264909006
funcion_tarea2,-125.35959225297563,-125.01337775933807,592.2540991141597,-27.727678822051587,3.785141327836514,810.8530509384002,10,194.70967452278893,373.3072763056475
funcion_tarea2,-124.8823916478599,-124.84988549165173,592.2138700709114,-24.480255182533398,-21.704675606227347,792.486924876976,10,184.3075911157792,370.02619139121543
funcion_tarea2,4.974032882011111,-26.140140770303496,809.9616402919272,0.026735930889421056,-22.194690108990237,815.7667754746695,10,262.96777684617865,387.0227453270537
funcion_tarea2,-124.59692287145629,-125.06593533048404,592.227637706323,4.792165143002354,4.129937645697005,830.362828291446,10,232.43791820727668,382.619305943337
funcion_tarea2,-125.73208147016996,-125.19387183973224,592.3357848284114,-23.66008062621883,-17.614179072622083,799.2522409236145,10,187.3554559211775,370.82121814133984
funcion_tarea2,5.177946187980142,-26.596301140201767,810.012532218743,1.8289223387561666,-25.341345402926397,812.1384524912514,10,262.879196856647,387.11360295059416
funcion_tarea2,-25.86522047195495,-26.300013189471233,789.8255323563786,-19.55624812223291,3.013711459264478,816.2542748700117,10,254.08155822801618,385.8277561939569
funcion_tarea2,5.19626405867911,5.265319102752616,830.075706776396,5.587251393129318,5.768017104188598,830.1559503163595,10,280.1870080727882,388.83101621320515
funcion_tarea2,-124.98049243448718,-125.07255150494242,592.224028441673,4.9842712268924,5.57649125905705,830.1112648165523,10,198.84402824417737,374.26604260122815
funcion_tarea2,-124.9661150644656,-124.97191603289939,592.2184865580816,-27.025257935036382,1.4400484485631884,812.7300914768028,10,184.11955894251602,369.9377984133864
funcion_tarea2,-100.5571427269774,-112.98448785940366,675.4401721862903,-20.963547938528148,-28.142733936483914,793.8451880735106,10,245.2589694031356,384.73726983631656
funcion_tarea2,5.096365634172859,-26.562119263258513,810.0089969726098,7.982824004721207,-26.324371825151225,811.4291704628556,10,262.85888610191626,387.11656782509914
funcion_tarea2,5.197799253346735,-25.942882053736305,809.9384985865978,3.722569267383399,-21.16943273036031,813.4417286439913,10,262.92971468898844,387.08708568138616
funcion_tarea2,-124.7170482986184,-124.5485760045827,592.2252424820635,5.138480627298804,4.936615243528934,830.0957363377851,10,183.01100704668673,369.2185334000506
funcion_tarea2,-124.66943515909234,-130.3397717772237,596.1380673032668,-28.057899176150578,8.6821669862688,812.8844504518339,10,241.96646617754072,384.4665302835254
funcion_tarea2,-124.97435041775421,-124.89800051946378,592.2167722668587,-24.288106770663695,-20.159066122256725,794.5795024035458,10,199.30129626479263,374.1722108433896
funcion_tarea2,5.218097874386264,5.222976979609187,830.0753398074627,4.360129950562026,4.849908150165408,830.2614520543294,10,279.899751005651,389.1319610267746
funcion_tarea2,-25.661908847237335,-26.369330594175203,789.8412663352797,-28.066685207684763,-0.7555717640582582,815.1497711108445,10,261.8532221178421,387.07916424591514
funcion_tarea2,-124.64967752327068,-124.52299221539847,592.229714605289,4.382656061132504,-21.876787752388957,812.30501067936,10,181.2786640428004,369.1288163160458
funcion_tarea2,-25.98327864511095,-26.6079276660419,789.8781455594695,-28.57441349016759,-20.796801733126703,794.3725404152558,10,245.79412662898375,384.7471889544523
funcion_tarea2,-125.09151342401663,-124.85177973070316,592.2223833543696,-21.895963869322877,-27.08947336194015,792.2101101119055,10,190.1730313207864,371.62918263624357
funcion_tarea2,-119.68432383906196,-129.26395724237517,598.1308742514293,-19.06949624512068,3.401399248165685,816.7483755324724,10,226.70890240097816,381.3120804240158
funcion_tarea2,-128.57454653309114,-125.37029436247265,594.0638326769272,5.723235655271743,5.530030101932084,830.1394631109483,10,194.6034136560557,373.7355997320815
funcion_tarea2,4.972794111004496,-27.11294994976236,810.1714013956721,3.3607570671121696,-23.46038856834057,811.4613660691574,10,262.68697857399144,387.3612322815929
funcion_tarea2,-124.79827096988397,-124.48939581810102,592.2284752627661,5.420497423903349,6.24179658548314,830.2833884168252,10,175.64247868646504,366.616953972254
funcion_tarea2,-124.92804314995867,-125.0414114526286,592.220509413257,5.775047794945429,-23.15268337373165,811.0397790153211,10,207.2337334183222,376.5696779060586
funcion_tarea2,-124.5346459117274,-125.47930990000334,592.2791653838995,-25.735662975746525,-18.093682343642186,797.6625763603533,10,190.5825566903637,371.6327309437277
funcion_tarea2,-25.874200472654483,5.121262914534563,809.9403487507825,-26.103652298379544,3.410158878202056,810.6089603575884,10,263.08095835306864,386.8971370928349
funcion_tarea2,5.1526854944316876,-25.964324659842077,809.9401324638909,5.316100268153235,4.212545331039301,830.2884052160947,10,267.2361871142698,387.5838170335493
funcion_tarea2,-124.9649726642819,-125.1290416948874,592.2274110642,-24.288383228925973,2.0373147510883562,812.2250929442105,10,165.0234267582306,362.78733758411965
funcion_tarea2,-25.944369170128027,-25.818201490133923,789.8010244749597,4.098846641714616,-19.89559409461264,815.0142464631687,10,248.90834573455462,385.0446460204406
funcion_tarea2,-127.87421753547292,-128.54436308494363,595.1950561879362,-24.561510577886125,-25.06354535824562,790.1408473268996,10,196.07381763445156,374.2935833453484
funcion_tarea2,-124.07196783345614,-126.09129503682676,592.4929746259559,-21.55442474796626,6.199037986200549,812.7032532318724,10,229.96734314998363,382.09067138488496
funcion_tarea2,-127.41701213112731,-124.82139191320321,593.0786608228395,-17.89724028318996,-21.4223456886034,800.7596886129252,10,179.25723576619313,368.37645014376426
funcion_tarea2,-124.86900398261561,-125.06261668062704,592.2206742813288,-0.5643856061684076,-28.93373404013888,815.6115316293235,10,213.6046533659908,378.1084047901615
funcion_tarea2,-124.57495294931891,-124.43612512300413,592.2417275181826,5.249173704855515,5.011778908103629,830.0856627705001,10,184.52829747929957,369.88412921075235
funcion_tarea2,-124.79557370617269,-124.63619692815136,592.218410495682,2.0585282703458834,-24.861255105172276,811.9905519204596,10,192.76650710015423,372.65207762759337
funcion_tarea2,-25.952461393565194,5.210115518356115,809.9385162415736,-19.897963413686213,3.4412157250026745,815.3915695135657,10,262.8100521987954,387.4474690075523
funcion_tarea2,4.899507992991594,4.6473530490310875,830.1691846170269,5.5560358075548635,4.49873819957833,830.2059930260579,10,279.93651834316154,389.0781470279335
funcion_tarea2,-25.916743542191988,-25.92119350757514,789.8003758872256,-14.591050217731107,-27.4573371148739,805.0873136787853,10,246.02577473440095,384.5462221671231
funcion_tarea2,-124.78964980896885,-124.47575377270532,592.2297732957613,5.447127319695536,6.497095628972048,830.4001842911422,10,184.37620766209648,369.6648244945395
funcion_tarea2,-125.54636696014411,-125.13574657006025,592.2919129069211,7.505084151033188,-22.435065064878522,812.6004974718455,10,190.52633270316863,371.8665444073348
funcion_tarea2,-25.896752331061936,5.2411981193481765,809.937592535886,-24.58759113317125,-1.7273347960849197,815.7904421084003,10,263.1105614105287,386.8870206139034
funcion_tarea2,-25.874710639554948,-25.95425607331386,789.800726959566,-24.729870364885898,-22.79794324522214,791.3167681921907,10,245.96200825211054,384.5685576018729
funcion_tarea2,-125.08875500201201,-125.03274403785859,592.2274687347468,-17.57755947268811,-26.035984427212625,798.6308083563381,10,192.39148719481005,372.173778755334
funcion_tarea2,-125.10009469235054,-125.06168810372353,592.229871308669,4.309826580517544,-19.930706537581685,814.8735017885232,10,183.56944611832137,369.5455793705845
funcion_tarea2,-25.88277551532541,-25.99727014757665,789.8019431621199,5.627168779257929,5.523863506068508,830.1218885405137,10,259.18025371335,386.65082728675424
funcion_tarea2,-125.11977154165186,-124.66371988770634,592.2278704133847,-24.681947481262434,0.9182770334470431,813.3350427025205,10,169.88479642654778,364.9385675580067
